prefix_hex,prefix_u32_le,accx,accy,accz,gyrx,gyry,gyrz
FF-0F-98-8F,2409107455,-1210,-226,16804,-7,17,0
FF-0F-99-8F,2409172991,-1200,-214,16802,-7,17,0
FF-0F-9A-8F,2409238527,-1198,-164,16678,-6,16,-1
FF-0F-9B-8F,2409304063,-1188,-230,16676,-6,16,-1
FF-0F-9C-8F,2409369599,-1200,-172,16808,-5,16,0
FF-0F-9D-8F,2409435135,-1216,-208,16656,-5,16,0
FF-0F-9E-8F,2409500671,-1200,-238,16762,-6,15,1
FF-0F-9F-8F,2409566207,-1248,-224,16744,-6,15,1
FF-0F-A0-8F,2409631743,-1184,-236,16696,-6,17,-1
FF-0F-A1-8F,2409697279,-1210,-212,16832,-6,17,-1
FF-0F-A2-8F,2409762815,-1216,-230,16746,-6,16,0
FF-0F-A3-8F,2409828351,-1198,-202,16692,-6,16,0
FF-0F-A4-8F,2409893887,-1234,-220,16742,-6,17,0
FF-0F-A5-8F,2409959423,-1224,-206,16784,-6,17,0
FF-0F-A6-8F,2410024959,-1232,-230,16684,-6,15,-1
FF-0F-A7-8F,2410090495,-1188,-250,16802,-6,15,-1
FF-0F-A8-8F,2410156031,-1206,-218,16746,-5,16,1
FF-0F-A9-8F,2410221567,-1196,-200,16752,-5,16,1
FF-0F-AA-8F,2410287103,-1210,-274,16758,-5,16,1
FF-0F-AB-8F,2410352639,-1200,-246,16728,-6,17,0
FF-0F-AC-8F,2410418175,-1224,-182,16702,-6,17,0
FF-0F-AD-8F,2410483711,-1210,-236,16768,-6,15,0
FF-0F-AE-8F,2410549247,-1194,-152,16762,-6,15,0
FF-0F-AF-8F,2410614783,-1170,-200,16728,-6,17,0
FF-0F-B0-8F,2410680319,-1212,-232,16774,-6,17,0
FF-0F-B1-8F,2410745855,-1168,-230,16742,-6,16,-1
FF-0F-B2-8F,2410811391,-1238,-208,16678,-6,16,-1
FF-0F-B3-8F,2410876927,-1202,-208,16744,-6,16,0
FF-0F-B4-8F,2410942463,-1200,-236,16748,-6,16,0
FF-0F-B5-8F,2411007999,-1178,-244,16710,-6,15,-1
FF-0F-B6-8F,2411073535,-1198,-242,16768,-6,15,-1
FF-0F-B7-8F,2411139071,-1198,-178,16752,-6,15,-1
FF-0F-B8-8F,2411204607,-1202,-236,16684,-6,15,-1
FF-0F-B9-8F,2411270143,-1200,-188,16768,-6,16,0
FF-0F-BA-8F,2411335679,-1188,-208,16772,-6,16,0
FF-0F-BB-8F,2411401215,-1222,-230,16722,-6,15,0
FF-0F-BC-8F,2411466751,-1190,-252,16812,-6,15,0
FF-0F-BD-8F,2411532287,-1172,-200,16732,-6,17,0
FF-0F-BE-8F,2411597823,-1194,-224,16740,-6,17,0
FF-0F-BF-8F,2411663359,-1216,-206,16760,-6,15,-1
FF-0F-C0-8F,2411728895,-1232,-188,16786,-6,15,-1
FF-0F-C1-8F,2411794431,-1174,-238,16774,-5,14,-1
FF-0F-C2-8F,2411859967,-1174,-218,16784,-5,14,-1
FF-0F-C3-8F,2411925503,-1180,-258,16764,-5,14,-1
FF-0F-C4-8F,2411991039,-1210,-256,16768,-7,16,-1
FF-0F-C5-8F,2412056575,-1152,-212,16812,-7,16,-1
FF-0F-C6-8F,2412122111,-1194,-232,16710,-6,17,0
FF-0F-C7-8F,2412187647,-1220,-246,16666,-6,17,0
FF-0F-C8-8F,2412253183,-1228,-238,16860,-6,16,-1
FF-0F-C9-8F,2412318719,-1188,-218,16688,-6,16,-1
FF-0F-CA-8F,2412384255,-1188,-270,16678,-7,16,-1
FF-0F-CB-8F,2412449791,-1194,-206,16770,-7,16,-1
FF-0F-CC-8F,2412515327,-1220,-230,16710,-5,16,-1
FF-0F-CD-8F,2412580863,-1222,-242,16692,-5,16,-1
FF-0F-CE-8F,2412646399,-1194,-224,16734,-7,17,-2
FF-0F-CF-8F,2412711935,-1212,-212,16732,-7,17,-2
FF-0F-D0-8F,2412777471,-1202,-200,16770,-5,17,-1
FF-0F-D1-8F,2412843007,-1206,-194,16746,-5,17,-1
FF-0F-D2-8F,2412908543,-1158,-214,16658,-9,16,-1
FF-0F-D3-8F,2412974079,-1222,-230,16746,-9,16,-1
FF-0F-D4-8F,2413039615,-1166,-206,16806,-5,17,-1
FF-0F-D5-8F,2413105151,-1174,-224,16718,-5,17,-1
FF-0F-D6-8F,2413170687,-1202,-242,16720,-7,16,0
FF-0F-D7-8F,2413236223,-1194,-242,16838,-7,16,0
FF-0F-D8-8F,2413301759,-1162,-230,16720,-6,16,0
FF-0F-D9-8F,2413367295,-1256,-218,16730,-6,16,0
FF-0F-DA-8F,2413432831,-1190,-230,16812,-6,16,0
FF-0F-DB-8F,2413498367,-1244,-196,16698,-8,17,-1
FF-0F-DC-8F,2413563903,-1214,-200,16736,-8,17,-1
FF-0F-DD-8F,2413629439,-1184,-230,16806,-5,17,-1
FF-0F-DE-8F,2413694975,-1198,-200,16676,-5,17,-1
FF-0F-DF-8F,2413760511,-1222,-192,16748,-6,16,-2
FF-0F-E0-8F,2413826047,-1180,-214,16780,-6,16,-2
FF-0F-E1-8F,2413891583,-1234,-206,16716,-6,16,0
FF-0F-E2-8F,2413957119,-1206,-262,16676,-6,16,0
FF-0F-E3-8F,2414022655,-1196,-218,16766,-6,16,-1
FF-0F-E4-8F,2414088191,-1192,-206,16642,-6,16,-1
FF-0F-E5-8F,2414153727,-1198,-224,16748,-6,16,0
FF-0F-E6-8F,2414219263,-1202,-196,16750,-6,16,0
FF-0F-E7-8F,2414284799,-1174,-178,16686,-5,17,-2
FF-0F-E8-8F,2414350335,-1174,-256,16762,-5,17,-2
FF-0F-E9-8F,2414415871,-1174,-212,16756,-7,16,0
FF-0F-EA-8F,2414481407,-1194,-230,16696,-7,16,0
FF-0F-EB-8F,2414546943,-1242,-214,16756,-6,17,-1
FF-0F-EC-8F,2414612479,-1190,-212,16780,-6,17,-1
FF-0F-ED-8F,2414678015,-1216,-238,16678,-6,15,1
FF-0F-EE-8F,2414743551,-1200,-172,16784,-6,15,1
FF-0F-EF-8F,2414809087,-1178,-220,16776,-6,16,-1
FF-0F-F0-8F,2414874623,-1206,-242,16712,-6,16,-1
FF-0F-F1-8F,2414940159,-1242,-220,16810,-6,15,0
FF-0F-F2-8F,2415005695,-1212,-230,16788,-6,15,0
FF-0F-F3-8F,2415071231,-1216,-178,16696,-6,15,0
FF-0F-F4-8F,2415136767,-1188,-224,16788,-7,16,1
FF-0F-F5-8F,2415202303,-1248,-206,16730,-7,16,1
FF-0F-F6-8F,2415267839,-1212,-196,16664,-6,14,-1
FF-0F-F7-8F,2415333375,-1210,-186,16760,-6,14,-1
FF-0F-F8-8F,2415398911,-1184,-218,16702,-6,16,-2
FF-0F-F9-8F,2415464447,-1190,-202,16696,-6,16,-2
FF-0F-FA-8F,2415529983,-1184,-208,16764,-6,17,-1
FF-0F-FB-8F,2415595519,-1198,-212,16736,-6,17,-1
FF-0F-FC-8F,2415661055,-1156,-212,16710,-6,16,-1
FF-0F-FD-8F,2415726591,-1234,-220,16814,-6,16,-1
FF-0F-FE-8F,2415792127,-1210,-224,16780,-6,17,-1
FF-0F-FF-8F,2415857663,-1202,-232,16684,-6,17,-1
FF-0F-00-90,2415923199,-1180,-200,16786,-6,16,-1
FF-0F-01-90,2415988735,-1216,-220,16740,-6,16,-1
FF-0F-02-90,2416054271,-1228,-252,16686,-7,14,-1
FF-0F-03-90,2416119807,-1184,-242,16752,-7,14,-1
FF-0F-04-90,2416185343,-1198,-226,16700,-7,16,-2
FF-0F-05-90,2416250879,-1172,-194,16688,-7,16,-2
FF-0F-06-90,2416316415,-1216,-212,16836,-6,16,0
FF-0F-07-90,2416381951,-1206,-256,16692,-6,16,0
FF-0F-08-90,2416447487,-1200,-244,16750,-7,16,-2
FF-0F-09-90,2416513023,-1172,-246,16854,-7,16,-2
FF-0F-0A-90,2416578559,-1184,-202,16678,-6,15,-1
FF-0F-0B-90,2416644095,-1188,-206,16686,-6,15,-1
FF-0F-0C-90,2416709631,-1210,-242,16784,-6,15,-1
FF-0F-0D-90,2416775167,-1180,-208,16712,-7,16,0
FF-0F-0E-90,2416840703,-1200,-200,16710,-7,16,0
FF-0F-0F-90,2416906239,-1212,-206,16790,-7,15,-1
FF-0F-10-90,2416971775,-1228,-212,16722,-7,15,-1
FF-0F-11-90,2417037311,-1184,-232,16748,-6,15,-1
FF-0F-12-90,2417102847,-1184,-230,16782,-6,15,-1
FF-0F-13-90,2417168383,-1212,-250,16684,-6,16,-2
FF-0F-14-90,2417233919,-1174,-192,16730,-6,16,-2
FF-0F-15-90,2417299455,-1192,-242,16796,-5,15,0
FF-0F-16-90,2417364991,-1172,-176,16662,-5,15,0
FF-0F-17-90,2417430527,-1206,-252,16722,-6,15,0
FF-0F-18-90,2417496063,-1168,-194,16764,-6,15,0
FF-0F-19-90,2417561599,-1192,-202,16696,-5,16,-1
FF-0F-1A-90,2417627135,-1198,-252,16764,-5,16,-1
FF-0F-1B-90,2417692671,-1160,-226,16782,-5,15,0
FF-0F-1C-90,2417758207,-1200,-258,16668,-5,15,0
FF-0F-1D-90,2417823743,-1220,-212,16696,-6,16,-1
FF-0F-1E-90,2417889279,-1188,-226,16776,-6,16,-1
FF-0F-1F-90,2417954815,-1190,-214,16730,-7,16,0
FF-0F-20-90,2418020351,-1238,-258,16746,-7,16,0
FF-0F-21-90,2418085887,-1212,-202,16776,-7,16,0
FF-0F-22-90,2418151423,-1190,-224,16676,-7,16,0
FF-0F-23-90,2418216959,-1190,-262,16774,-5,16,1
FF-0F-24-90,2418282495,-1186,-194,16786,-5,16,1
FF-0F-25-90,2418348031,-1180,-212,16638,-5,16,1
FF-0F-26-90,2418413567,-1178,-250,16740,-6,16,1
FF-0F-27-90,2418479103,-1148,-220,16776,-6,16,1
FF-0F-28-90,2418544639,-1228,-200,16740,-6,16,1
FF-0F-29-90,2418610175,-1256,-244,16762,-6,16,1
FF-0F-2A-90,2418675711,-1200,-230,16816,-6,17,-1
FF-0F-2B-90,2418741247,-1232,-246,16758,-6,17,-1
FF-0F-2C-90,2418806783,-1158,-270,16836,-6,15,0
FF-0F-2D-90,2418872319,-1180,-168,16808,-6,15,0
FF-0F-2E-90,2418937855,-1212,-214,16664,-5,16,0
FF-0F-2F-90,2419003391,-1194,-230,16874,-5,16,0
FF-0F-30-90,2419068927,-1162,-224,16804,-5,16,0
FF-0F-31-90,2419134463,-1164,-244,16742,-5,16,0
FF-0F-32-90,2419199999,-1220,-296,16796,-6,18,1
FF-0F-33-90,2419265535,-1220,-230,16728,-6,18,1
FF-0F-34-90,2419331071,-1224,-218,16758,-4,18,1
FF-0F-35-90,2419396607,-1210,-208,16776,-4,18,1
FF-0F-36-90,2419462143,-1232,-230,16738,-5,17,0
FF-0F-37-90,2419527679,-1172,-224,16696,-5,17,0
FF-0F-38-90,2419593215,-1162,-220,16802,-5,17,0
FF-0F-39-90,2419658751,-1174,-176,16754,-5,17,0
FF-0F-3A-90,2419724287,-1190,-206,16676,-6,17,1
FF-0F-3B-90,2419789823,-1216,-220,16782,-6,17,1
FF-0F-3C-90,2419855359,-1212,-188,16752,-6,17,1
FF-0F-3D-90,2419920895,-1194,-212,16738,-6,18,2
FF-0F-3E-90,2419986431,-1210,-212,16810,-6,18,2
FF-0F-3F-90,2420051967,-1144,-212,16726,-6,16,2
FF-0F-40-90,2420117503,-1188,-256,16722,-6,16,2
FF-0F-41-90,2420183039,-1200,-230,16784,-6,18,1
FF-0F-42-90,2420248575,-1200,-214,16738,-6,18,1
FF-0F-43-90,2420314111,-1232,-242,16752,-5,16,0
FF-0F-44-90,2420379647,-1190,-250,16856,-5,16,0
FF-0F-45-90,2420445183,-1194,-226,16752,-6,19,2
FF-0F-46-90,2420510719,-1206,-244,16738,-6,19,2
FF-0F-47-90,2420576255,-1200,-232,16818,-5,18,2
FF-0F-48-90,2420641791,-1158,-214,16750,-5,18,2
FF-0F-49-90,2420707327,-1224,-238,16712,-6,18,0
FF-0F-4A-90,2420772863,-1198,-262,16832,-6,18,0
FF-0F-4B-90,2420838399,-1184,-196,16760,-7,18,1
FF-0F-4C-90,2420903935,-1216,-262,16688,-7,18,1
FF-0F-4D-90,2420969471,-1198,-258,16846,-6,17,0
FF-0F-4E-90,2421035007,-1168,-200,16764,-6,17,0
FF-0F-4F-90,2421100543,-1164,-252,16688,-5,17,1
FF-0F-50-90,2421166079,-1176,-214,16820,-5,17,1
FF-0F-51-90,2421231615,-1202,-236,16748,-5,17,0
FF-0F-52-90,2421297151,-1172,-218,16702,-5,17,0
FF-0F-53-90,2421362687,-1218,-242,16744,-7,18,1
FF-0F-54-90,2421428223,-1176,-196,16682,-7,18,1
FF-0F-55-90,2421493759,-1172,-218,16770,-7,18,1
FF-0F-56-90,2421559295,-1200,-202,16792,-5,16,1
FF-0F-57-90,2421624831,-1184,-202,16762,-5,16,1
FF-0F-58-90,2421690367,-1198,-242,16728,-6,18,0
FF-0F-59-90,2421755903,-1172,-200,16786,-6,18,0
FF-0F-5A-90,2421821439,-1212,-226,16724,-4,15,0
FF-0F-5B-90,2421886975,-1250,-206,16722,-4,15,0
FF-0F-5C-90,2421952511,-1198,-250,16836,-6,15,1
FF-0F-5D-90,2422018047,-1188,-220,16728,-6,15,1
FF-0F-5E-90,2422083583,-1200,-214,16704,-6,17,1
FF-0F-5F-90,2422149119,-1212,-192,16774,-6,17,1
FF-0F-60-90,2422214655,-1188,-214,16732,-5,16,0
FF-0F-61-90,2422280191,-1180,-238,16740,-5,16,0
FF-0F-62-90,2422345727,-1188,-238,16838,-5,17,1
FF-0F-63-90,2422411263,-1184,-188,16720,-5,17,1
FF-0F-64-90,2422476799,-1242,-188,16786,-6,16,1
FF-0F-65-90,2422542335,-1194,-192,16812,-6,16,1
FF-0F-66-90,2422607871,-1210,-220,16728,-7,17,0
FF-0F-67-90,2422673407,-1238,-250,16752,-7,17,0
FF-0F-68-90,2422738943,-1212,-238,16856,-6,17,1
FF-0F-69-90,2422804479,-1224,-196,16696,-6,17,1
FF-0F-6A-90,2422870015,-1220,-220,16818,-6,17,0
FF-0F-6B-90,2422935551,-1206,-200,16780,-6,17,0
FF-0F-6C-90,2423001087,-1188,-230,16688,-6,17,1
FF-0F-6D-90,2423066623,-1232,-212,16736,-6,17,1
FF-0F-6E-90,2423132159,-1194,-224,16770,-6,17,1
FF-0F-6F-90,2423197695,-1178,-200,16660,-6,17,1
FF-0F-70-90,2423263231,-1238,-230,16700,-6,17,1
FF-0F-71-90,2423328767,-1224,-200,16830,-6,16,3
FF-0F-72-90,2423394303,-1210,-220,16700,-6,16,3
FF-0F-73-90,2423459839,-1216,-226,16726,-5,15,2
FF-0F-74-90,2423525375,-1162,-196,16788,-5,15,2
FF-0F-75-90,2423590911,-1206,-220,16724,-5,16,2
FF-0F-76-90,2423656447,-1206,-186,16736,-5,16,2
FF-0F-77-90,2423721983,-1156,-236,16762,-5,15,1
FF-0F-78-90,2423787519,-1180,-214,16670,-5,15,1
FF-0F-79-90,2423853055,-1178,-226,16728,-6,16,1
FF-0F-7A-90,2423918591,-1194,-172,16790,-6,16,1
FF-0F-7B-90,2423984127,-1202,-244,16654,-6,15,1
FF-0F-7C-90,2424049663,-1200,-206,16776,-6,15,1
FF-0F-7D-90,2424115199,-1202,-186,16784,-4,17,1
FF-0F-7E-90,2424180735,-1202,-220,16680,-4,17,1
FF-0F-7F-90,2424246271,-1148,-226,16830,-8,15,1
FF-0F-80-90,2424311807,-1210,-220,16766,-8,15,1
FF-0F-81-90,2424377343,-1198,-202,16740,-5,16,1
FF-0F-82-90,2424442879,-1222,-232,16784,-5,16,1
FF-0F-83-90,2424508415,-1238,-220,16804,-6,16,1
FF-0F-84-90,2424573951,-1162,-242,16686,-6,16,1
FF-0F-85-90,2424639487,-1212,-218,16800,-6,16,1
FF-0F-86-90,2424705023,-1198,-220,16722,-6,16,1
FF-0F-87-90,2424770559,-1242,-218,16692,-6,16,1
FF-0F-88-90,2424836095,-1224,-186,16804,-7,15,0
FF-0F-89-90,2424901631,-1180,-230,16732,-7,15,0
FF-0F-8A-90,2424967167,-1188,-238,16760,-5,17,0
FF-0F-8B-90,2425032703,-1190,-200,16794,-5,17,0
FF-0F-8C-90,2425098239,-1188,-236,16734,-7,16,2
FF-0F-8D-90,2425163775,-1220,-194,16714,-7,16,2
FF-0F-8E-90,2425229311,-1210,-214,16812,-7,15,1
FF-0F-8F-90,2425294847,-1190,-212,16770,-7,15,1
FF-0F-90-90,2425360383,-1194,-212,16694,-6,16,1
FF-0F-91-90,2425425919,-1210,-242,16740,-6,16,1
FF-0F-92-90,2425491455,-1206,-246,16788,-8,16,2
FF-0F-93-90,2425556991,-1180,-226,16738,-8,16,2
FF-0F-94-90,2425622527,-1202,-214,16748,-6,17,1
FF-0F-95-90,2425688063,-1224,-158,16728,-6,17,1
FF-0F-96-90,2425753599,-1184,-242,16724,-6,16,1
FF-0F-97-90,2425819135,-1206,-192,16844,-6,16,1
FF-0F-98-90,2425884671,-1202,-218,16696,-5,15,0
FF-0F-99-90,2425950207,-1238,-236,16686,-5,15,0
FF-0F-9A-90,2426015743,-1186,-256,16806,-7,16,1
FF-0F-9B-90,2426081279,-1192,-226,16742,-7,16,1
FF-0F-9C-90,2426146815,-1202,-214,16692,-6,16,2
FF-0F-9D-90,2426212351,-1184,-238,16790,-6,16,2
FF-0F-9E-90,2426277887,-1202,-148,16746,-6,16,2
FF-0F-9F-90,2426343423,-1232,-246,16744,-6,16,0
FF-0F-A0-90,2426408959,-1198,-252,16770,-6,16,0
FF-0F-A1-90,2426474495,-1158,-230,16682,-7,17,0
FF-0F-A2-90,2426540031,-1198,-230,16762,-7,17,0
FF-0F-A3-90,2426605567,-1220,-252,16828,-6,15,0
FF-0F-A4-90,2426671103,-1216,-178,16738,-6,15,0
FF-0F-A5-90,2426736639,-1220,-230,16776,-6,17,0
FF-0F-A6-90,2426802175,-1230,-242,16754,-6,17,0
FF-0F-A7-90,2426867711,-1206,-226,16730,-8,15,0
FF-0F-A8-90,2426933247,-1172,-274,16754,-8,15,0
FF-0F-A9-90,2426998783,-1196,-202,16774,-6,15,0
FF-0F-AA-90,2427064319,-1166,-224,16708,-6,15,0
FF-0F-AB-90,2427129855,-1202,-224,16776,-7,16,1
FF-0F-AC-90,2427195391,-1168,-220,16774,-7,16,1
FF-0F-AD-90,2427260927,-1206,-230,16670,-5,17,1
FF-0F-AE-90,2427326463,-1238,-252,16762,-5,17,1
FF-0F-AF-90,2427391999,-1224,-244,16768,-7,16,1
FF-0F-B0-90,2427457535,-1194,-196,16734,-7,16,1
FF-0F-B1-90,2427523071,-1248,-206,16770,-6,17,1
FF-0F-B2-90,2427588607,-1168,-192,16822,-6,17,1
FF-0F-B3-90,2427654143,-1174,-236,16728,-7,16,0
FF-0F-B4-90,2427719679,-1168,-242,16776,-7,16,0
FF-0F-B5-90,2427785215,-1210,-256,16810,-7,17,1
FF-0F-B6-90,2427850751,-1202,-202,16692,-7,17,1
FF-0F-B7-90,2427916287,-1212,-220,16762,-7,17,1
FF-0F-B8-90,2427981823,-1180,-188,16802,-5,17,0
FF-0F-B9-90,2428047359,-1206,-194,16740,-5,17,0
FF-0F-BA-90,2428112895,-1206,-192,16752,-6,16,1
FF-0F-BB-90,2428178431,-1220,-226,16836,-6,16,1
FF-0F-BC-90,2428243967,-1180,-242,16688,-6,15,0
FF-0F-BD-90,2428309503,-1190,-214,16776,-6,15,0
FF-0F-BE-90,2428375039,-1174,-218,16828,-6,17,-1
FF-0F-BF-90,2428440575,-1190,-170,16748,-6,17,-1
FF-0F-C0-90,2428506111,-1194,-206,16756,-6,16,0
FF-0F-C1-90,2428571647,-1222,-242,16792,-6,16,0
FF-0F-C2-90,2428637183,-1232,-192,16696,-6,17,1
FF-0F-C3-90,2428702719,-1186,-226,16776,-6,17,1
FF-0F-C4-90,2428768255,-1192,-192,16800,-7,15,0
FF-0F-C5-90,2428833791,-1212,-202,16768,-7,15,0
FF-0F-C6-90,2428899327,-1220,-224,16788,-7,16,1
FF-0F-C7-90,2428964863,-1202,-242,16804,-7,16,1
FF-0F-C8-90,2429030399,-1190,-196,16652,-7,17,1
FF-0F-C9-90,2429095935,-1224,-208,16764,-7,17,1
FF-0F-CA-90,2429161471,-1210,-242,16734,-7,16,0
FF-0F-CB-90,2429227007,-1198,-200,16684,-7,16,0
FF-0F-CC-90,2429292543,-1200,-250,16864,-5,15,1
FF-0F-CD-90,2429358079,-1172,-156,16802,-5,15,1
FF-0F-CE-90,2429423615,-1194,-246,16698,-8,15,1
FF-0F-CF-90,2429489151,-1232,-214,16768,-8,15,1
FF-0F-D0-90,2429554687,-1166,-214,16806,-8,15,1
FF-0F-D1-90,2429620223,-1184,-206,16696,-5,16,1
FF-0F-D2-90,2429685759,-1200,-238,16832,-5,16,1
FF-0F-D3-90,2429751295,-1220,-186,16752,-6,16,1
FF-0F-D4-90,2429816831,-1228,-200,16690,-6,16,1
FF-0F-D5-90,2429882367,-1188,-262,16856,-6,17,1
FF-0F-D6-90,2429947903,-1152,-218,16754,-6,17,1
FF-0F-D7-90,2430013439,-1166,-220,16662,-8,17,0
FF-0F-D8-90,2430078975,-1222,-188,16822,-8,17,0
FF-0F-D9-90,2430144511,-1162,-226,16768,-6,15,1
FF-0F-DA-90,2430210047,-1168,-232,16730,-6,15,1
FF-0F-DB-90,2430275583,-1178,-266,16826,-6,15,0
FF-0F-DC-90,2430341119,-1178,-242,16788,-6,15,0
FF-0F-DD-90,2430406655,-1210,-220,16752,-7,16,1
FF-0F-DE-90,2430472191,-1210,-218,16792,-7,16,1
FF-0F-DF-90,2430537727,-1184,-200,16728,-7,15,1
FF-0F-E0-90,2430603263,-1208,-186,16720,-7,15,1
FF-0F-E1-90,2430668799,-1238,-238,16808,-6,15,0
FF-0F-E2-90,2430734335,-1172,-202,16744,-6,15,0
FF-0F-E3-90,2430799871,-1216,-238,16716,-6,16,0
FF-0F-E4-90,2430865407,-1194,-270,16752,-6,16,0
FF-0F-E5-90,2430930943,-1212,-218,16740,-6,16,0
FF-0F-E6-90,2430996479,-1232,-258,16766,-6,16,0
FF-0F-E7-90,2431062015,-1180,-212,16838,-7,15,0
FF-0F-E8-90,2431127551,-1172,-214,16778,-7,15,0
FF-0F-E9-90,2431193087,-1212,-252,16698,-7,15,0
FF-0F-EA-90,2431258623,-1206,-230,16814,-6,16,0
FF-0F-EB-90,2431324159,-1146,-232,16726,-6,16,0
FF-0F-EC-90,2431389695,-1180,-208,16714,-7,16,1
FF-0F-ED-90,2431455231,-1248,-230,16822,-7,16,1
FF-0F-EE-90,2431520767,-1222,-212,16706,-5,16,0
FF-0F-EF-90,2431586303,-1212,-268,16764,-5,16,0
FF-0F-F0-90,2431651839,-1214,-236,16802,-7,16,-2
FF-0F-F1-90,2431717375,-1210,-230,16764,-7,16,-2
FF-0F-F2-90,2431782911,-1220,-230,16720,-6,16,1
FF-0F-F3-90,2431848447,-1158,-236,16778,-6,16,1
FF-0F-F4-90,2431913983,-1162,-206,16734,-7,16,0
FF-0F-F5-90,2431979519,-1202,-236,16722,-7,16,0
FF-0F-F6-90,2432045055,-1250,-220,16818,-5,16,1
FF-0F-F7-90,2432110591,-1210,-242,16676,-5,16,1
FF-0F-F8-90,2432176127,-1212,-256,16710,-8,15,0
FF-0F-F9-90,2432241663,-1194,-200,16812,-8,15,0
FF-0F-FA-90,2432307199,-1232,-188,16700,-5,16,0
FF-0F-FB-90,2432372735,-1162,-220,16770,-5,16,0
FF-0F-FC-90,2432438271,-1192,-256,16756,-6,15,0
FF-0F-FD-90,2432503807,-1144,-212,16694,-6,15,0
FF-0F-FE-90,2432569343,-1194,-194,16768,-5,17,1
FF-0F-FF-90,2432634879,-1242,-232,16816,-5,17,1
FF-0F-00-91,2432700415,-1228,-212,16706,-5,17,1
FF-0F-01-91,2432765951,-1174,-214,16774,-7,16,1
FF-0F-02-91,2432831487,-1198,-200,16870,-7,16,1
FF-0F-03-91,2432897023,-1174,-246,16716,-7,16,0
FF-0F-04-91,2432962559,-1222,-238,16786,-7,16,0
FF-0F-05-91,2433028095,-1178,-238,16796,-7,17,1
FF-0F-06-91,2433093631,-1200,-186,16686,-7,17,1
FF-0F-07-91,2433159167,-1222,-224,16738,-8,16,1
FF-0F-08-91,2433224703,-1166,-200,16818,-8,16,1
FF-0F-09-91,2433290239,-1206,-214,16750,-6,16,0
FF-0F-0A-91,2433355775,-1198,-242,16776,-6,16,0
FF-0F-0B-91,2433421311,-1224,-206,16764,-7,16,0
FF-0F-0C-91,2433486847,-1200,-244,16716,-7,16,0
FF-0F-0D-91,2433552383,-1234,-212,16740,-6,16,1
FF-0F-0E-91,2433617919,-1198,-196,16722,-6,16,1
FF-0F-0F-91,2433683455,-1216,-188,16674,-6,15,-1
FF-0F-10-91,2433748991,-1222,-220,16768,-6,15,-1
FF-0F-11-91,2433814527,-1212,-194,16798,-5,15,-1
FF-0F-12-91,2433880063,-1260,-252,16690,-5,15,-1
FF-0F-13-91,2433945599,-1190,-208,16780,-6,16,0
FF-0F-14-91,2434011135,-1238,-208,16804,-6,16,0
FF-0F-15-91,2434076671,-1216,-256,16684,-8,16,-1
FF-0F-16-91,2434142207,-1164,-214,16756,-8,16,-1
FF-0F-17-91,2434207743,-1188,-196,16772,-5,15,0
FF-0F-18-91,2434273279,-1202,-226,16674,-5,15,0
FF-0F-19-91,2434338815,-1190,-200,16744,-5,15,0
FF-0F-1A-91,2434404351,-1216,-196,16734,-8,15,1
FF-0F-1B-91,2434469887,-1228,-208,16676,-8,15,1
FF-0F-1C-91,2434535423,-1202,-208,16770,-6,15,0
FF-0F-1D-91,2434600959,-1174,-232,16770,-6,15,0
FF-0F-1E-91,2434666495,-1202,-230,16668,-6,16,0
FF-0F-1F-91,2434732031,-1230,-220,16768,-6,16,0
FF-0F-20-91,2434797567,-1232,-186,16728,-4,16,1
FF-0F-21-91,2434863103,-1206,-182,16660,-4,16,1
FF-0F-22-91,2434928639,-1198,-214,16770,-8,17,0
FF-0F-23-91,2434994175,-1228,-192,16770,-8,17,0
FF-0F-24-91,2435059711,-1198,-214,16670,-7,16,2
FF-0F-25-91,2435125247,-1210,-226,16796,-7,16,2
FF-0F-26-91,2435190783,-1210,-208,16746,-7,16,1
FF-0F-27-91,2435256319,-1228,-220,16722,-7,16,1
FF-0F-28-91,2435321855,-1198,-236,16784,-7,15,0
FF-0F-29-91,2435387391,-1224,-246,16734,-7,15,0
FF-0F-2A-91,2435452927,-1188,-226,16690,-6,16,0
FF-0F-2B-91,2435518463,-1174,-218,16760,-6,16,0
FF-0F-2C-91,2435583999,-1206,-194,16712,-5,15,0
FF-0F-2D-91,2435649535,-1210,-230,16696,-5,15,0
FF-0F-2E-91,2435715071,-1188,-232,16802,-7,15,0
FF-0F-2F-91,2435780607,-1212,-258,16756,-7,15,0
FF-0F-30-91,2435846143,-1222,-242,16682,-6,16,0
FF-0F-31-91,2435911679,-1194,-226,16780,-6,16,0
FF-0F-32-91,2435977215,-1166,-230,16728,-6,16,0
FF-0F-33-91,2436042751,-1210,-168,16694,-6,16,1
FF-0F-34-91,2436108287,-1228,-224,16836,-6,16,1
FF-0F-35-91,2436173823,-1198,-232,16728,-7,17,1
FF-0F-36-91,2436239359,-1216,-242,16734,-7,17,1
FF-0F-37-91,2436304895,-1184,-206,16808,-7,16,1
FF-0F-38-91,2436370431,-1202,-230,16740,-7,16,1
FF-0F-39-91,2436435967,-1178,-176,16722,-5,16,0
FF-0F-3A-91,2436501503,-1210,-206,16770,-5,16,0
FF-0F-3B-91,2436567039,-1190,-208,16752,-9,16,0
FF-0F-3C-91,2436632575,-1228,-206,16780,-9,16,0
FF-0F-3D-91,2436698111,-1216,-280,16764,-6,16,1
FF-0F-3E-91,2436763647,-1216,-232,16692,-6,16,1
FF-0F-3F-91,2436829183,-1212,-238,16674,-6,16,1
FF-0F-40-91,2436894719,-1188,-212,16750,-6,16,1
FF-0F-41-91,2436960255,-1212,-242,16662,-7,16,1
FF-0F-42-91,2437025791,-1178,-252,16738,-7,16,1
FF-0F-43-91,2437091327,-1174,-218,16780,-7,16,-1
FF-0F-44-91,2437156863,-1212,-218,16692,-7,16,-1
FF-0F-45-91,2437222399,-1210,-280,16744,-7,15,1
FF-0F-46-91,2437287935,-1224,-206,16808,-7,15,1
FF-0F-47-91,2437353471,-1232,-162,16746,-6,16,1
FF-0F-48-91,2437419007,-1190,-250,16786,-6,16,1
FF-0F-49-91,2437484543,-1212,-214,16784,-7,17,-1
FF-0F-4A-91,2437550079,-1224,-218,16730,-7,17,-1
FF-0F-4B-91,2437615615,-1194,-224,16748,-7,17,-1
FF-0F-4C-91,2437681151,-1180,-250,16788,-7,15,0
FF-0F-4D-91,2437746687,-1190,-192,16686,-7,15,0
FF-0F-4E-91,2437812223,-1184,-252,16744,-7,18,0
FF-0F-4F-91,2437877759,-1222,-192,16774,-7,18,0
FF-0F-50-91,2437943295,-1212,-212,16754,-6,16,1
FF-0F-51-91,2438008831,-1194,-230,16726,-6,16,1
FF-0F-52-91,2438074367,-1198,-212,16828,-6,16,0
FF-0F-53-91,2438139903,-1210,-242,16688,-6,16,0
FF-0F-54-91,2438205439,-1212,-196,16782,-7,15,0
FF-0F-55-91,2438270975,-1162,-232,16772,-7,15,0
FF-0F-56-91,2438336511,-1190,-220,16692,-6,16,0
FF-0F-57-91,2438402047,-1200,-250,16784,-6,16,0
FF-0F-58-91,2438467583,-1224,-196,16774,-6,16,0
FF-0F-59-91,2438533119,-1242,-188,16724,-6,16,0
FF-0F-5A-91,2438598655,-1168,-226,16770,-7,16,0
FF-0F-5B-91,2438664191,-1206,-230,16760,-7,16,0
FF-0F-5C-91,2438729727,-1202,-238,16704,-5,16,1
FF-0F-5D-91,2438795263,-1224,-220,16806,-5,16,1
FF-0F-5E-91,2438860799,-1222,-214,16696,-7,16,1
FF-0F-5F-91,2438926335,-1220,-196,16718,-7,16,1
FF-0F-60-91,2438991871,-1210,-220,16816,-6,17,0
FF-0F-61-91,2439057407,-1220,-172,16730,-6,17,0
FF-0F-62-91,2439122943,-1198,-246,16706,-7,15,0
FF-0F-63-91,2439188479,-1174,-202,16800,-7,15,0
FF-0F-64-91,2439254015,-1178,-220,16790,-7,15,0
FF-0F-65-91,2439319551,-1190,-212,16704,-5,15,0
FF-0F-66-91,2439385087,-1148,-252,16808,-5,15,0
FF-0F-67-91,2439450623,-1190,-224,16726,-7,15,0
FF-0F-68-91,2439516159,-1206,-192,16738,-7,15,0
FF-0F-69-91,2439581695,-1172,-270,16704,-6,16,0
FF-0F-6A-91,2439647231,-1200,-168,16744,-6,16,0
FF-0F-6B-91,2439712767,-1168,-276,16774,-7,16,1
FF-0F-6C-91,2439778303,-1216,-194,16804,-7,16,1
FF-0F-6D-91,2439843839,-1200,-218,16670,-6,17,0
FF-0F-6E-91,2439909375,-1190,-236,16758,-6,17,0
FF-0F-6F-91,2439974911,-1250,-232,16752,-7,16,1
FF-0F-70-91,2440040447,-1234,-206,16730,-7,16,1
FF-0F-71-91,2440105983,-1194,-244,16712,-6,16,0
FF-0F-72-91,2440171519,-1234,-232,16826,-6,16,0
FF-0F-73-91,2440237055,-1222,-178,16708,-6,16,2
FF-0F-74-91,2440302591,-1200,-252,16752,-6,16,2
FF-0F-75-91,2440368127,-1200,-224,16798,-6,16,0
FF-0F-76-91,2440433663,-1140,-188,16658,-6,16,0
FF-0F-77-91,2440499199,-1248,-186,16730,-7,16,1
FF-0F-78-91,2440564735,-1190,-220,16768,-7,16,1
FF-0F-79-91,2440630271,-1200,-236,16662,-6,17,1
FF-0F-7A-91,2440695807,-1228,-218,16716,-6,17,1
FF-0F-7B-91,2440761343,-1200,-206,16770,-6,16,0
FF-0F-7C-91,2440826879,-1232,-224,16650,-6,16,0
FF-0F-7D-91,2440892415,-1206,-226,16734,-6,16,0
FF-0F-7E-91,2440957951,-1188,-230,16812,-6,15,1
FF-0F-7F-91,2441023487,-1174,-224,16664,-6,15,1
FF-0F-80-91,2441089023,-1174,-244,16688,-7,14,0
FF-0F-81-91,2441154559,-1172,-258,16788,-7,14,0
FF-0F-82-91,2441220095,-1178,-212,16706,-6,17,0
FF-0F-83-91,2441285631,-1260,-226,16758,-6,17,0
FF-0F-84-91,2441351167,-1216,-200,16782,-7,15,0
FF-0F-85-91,2441416703,-1188,-212,16688,-7,15,0
FF-0F-86-91,2441482239,-1234,-224,16804,-7,15,2
FF-0F-87-91,2441547775,-1180,-246,16764,-7,15,2
FF-0F-88-91,2441613311,-1168,-236,16674,-6,16,1
FF-0F-89-91,2441678847,-1174,-212,16742,-6,16,1
FF-0F-8A-91,2441744383,-1212,-244,16782,-7,15,1
FF-0F-8B-91,2441809919,-1202,-212,16732,-7,15,1
FF-0F-8C-91,2441875455,-1234,-226,16722,-7,16,1
FF-0F-8D-91,2441940991,-1216,-246,16762,-7,16,1
FF-0F-8E-91,2442006527,-1194,-230,16646,-7,17,0
FF-0F-8F-91,2442072063,-1188,-224,16762,-7,17,0
FF-0F-90-91,2442137599,-1174,-162,16776,-7,15,0
FF-0F-91-91,2442203135,-1206,-200,16722,-7,15,0
FF-0F-92-91,2442268671,-1166,-200,16708,-8,16,0
FF-0F-93-91,2442334207,-1164,-208,16798,-8,16,0
FF-0F-94-91,2442399743,-1188,-194,16716,-8,16,0
FF-0F-95-91,2442465279,-1198,-212,16750,-5,16,1
FF-0F-96-91,2442530815,-1228,-220,16682,-5,16,1
FF-0F-97-91,2442596351,-1244,-214,16694,-7,16,0
FF-0F-98-91,2442661887,-1234,-250,16706,-7,16,0
FF-0F-99-91,2442727423,-1120,-200,16794,-5,16,0
FF-0F-9A-91,2442792959,-1202,-242,16698,-5,16,0
FF-0F-9B-91,2442858495,-1220,-226,16770,-5,16,1
FF-0F-9C-91,2442924031,-1188,-202,16780,-5,16,1
FF-0F-9D-91,2442989567,-1194,-214,16674,-5,16,1
FF-0F-9E-91,2443055103,-1228,-266,16738,-5,16,1
FF-0F-9F-91,2443120639,-1206,-202,16750,-7,16,0
FF-0F-A0-91,2443186175,-1212,-236,16738,-7,16,0
FF-0F-A1-91,2443251711,-1198,-256,16772,-5,15,0
FF-0F-A2-91,2443317247,-1198,-218,16732,-5,15,0
FF-0F-A3-91,2443382783,-1212,-238,16686,-6,16,0
FF-0F-A4-91,2443448319,-1238,-256,16766,-6,16,0
FF-0F-A5-91,2443513855,-1202,-200,16766,-6,16,1
FF-0F-A6-91,2443579391,-1174,-220,16694,-6,16,1
FF-0F-A7-91,2443644927,-1220,-224,16768,-7,16,1
FF-0F-A8-91,2443710463,-1228,-226,16802,-7,16,1
FF-0F-A9-91,2443775999,-1216,-252,16688,-7,16,0
FF-0F-AA-91,2443841535,-1190,-214,16754,-7,16,0
FF-0F-AB-91,2443907071,-1210,-230,16734,-7,17,1
FF-0F-AC-91,2443972607,-1212,-220,16722,-7,17,1
FF-0F-AD-91,2444038143,-1196,-256,16796,-7,17,1
FF-0F-AE-91,2444103679,-1148,-186,16740,-6,16,0
FF-0F-AF-91,2444169215,-1188,-202,16652,-6,16,0
FF-0F-B0-91,2444234751,-1194,-232,16762,-7,14,1
FF-0F-B1-91,2444300287,-1198,-186,16702,-7,14,1
FF-0F-B2-91,2444365823,-1212,-188,16692,-6,15,1
FF-0F-B3-91,2444431359,-1224,-238,16810,-6,15,1
FF-0F-B4-91,2444496895,-1172,-250,16734,-7,16,2
FF-0F-B5-91,2444562431,-1212,-236,16744,-7,16,2
FF-0F-B6-91,2444627967,-1190,-250,16804,-5,16,1
FF-0F-B7-91,2444693503,-1168,-196,16708,-5,16,1
FF-0F-B8-91,2444759039,-1194,-224,16704,-6,15,3
FF-0F-B9-91,2444824575,-1222,-220,16786,-6,15,3
FF-0F-BA-91,2444890111,-1180,-196,16676,-6,15,0
FF-0F-BB-91,2444955647,-1202,-200,16700,-6,15,0
FF-0F-BC-91,2445021183,-1206,-196,16786,-6,14,-2
FF-0F-BD-91,2445086719,-1220,-218,16734,-6,14,-2
FF-0F-BE-91,2445152255,-1228,-238,16786,-7,17,1
FF-0F-BF-91,2445217791,-1168,-170,16758,-7,17,1
FF-0F-C0-91,2445283327,-1178,-200,16704,-6,15,0
FF-0F-C1-91,2445348863,-1198,-236,16692,-6,15,0
FF-0F-C2-91,2445414399,-1200,-220,16776,-5,15,1
FF-0F-C3-91,2445479935,-1238,-238,16746,-5,15,1
FF-0F-C4-91,2445545471,-1190,-242,16720,-7,16,1
FF-0F-C5-91,2445611007,-1190,-200,16730,-7,16,1
FF-0F-C6-91,2445676543,-1162,-230,16680,-7,16,1
FF-0F-C7-91,2445742079,-1238,-206,16784,-5,15,0
FF-0F-C8-91,2445807615,-1184,-192,16776,-5,15,0
FF-0F-C9-91,2445873151,-1180,-188,16640,-6,16,1
FF-0F-CA-91,2445938687,-1232,-266,16692,-6,16,1
FF-0F-CB-91,2446004223,-1212,-188,16724,-5,15,0
FF-0F-CC-91,2446069759,-1200,-188,16718,-5,15,0
FF-0F-CD-91,2446135295,-1162,-246,16712,-6,16,0
FF-0F-CE-91,2446200831,-1228,-176,16798,-6,16,0
FF-0F-CF-91,2446266367,-1180,-226,16696,-6,16,1
FF-0F-D0-91,2446331903,-1210,-214,16686,-6,16,1
FF-0F-D1-91,2446397439,-1200,-224,16808,-6,16,1
FF-0F-D2-91,2446462975,-1188,-194,16704,-6,16,1
FF-0F-D3-91,2446528511,-1190,-230,16740,-6,15,2
FF-0F-D4-91,2446594047,-1172,-250,16782,-6,15,2
FF-0F-D5-91,2446659583,-1200,-212,16664,-5,16,1
FF-0F-D6-91,2446725119,-1174,-196,16740,-5,16,1
FF-0F-D7-91,2446790655,-1194,-242,16770,-6,16,-1
FF-0F-D8-91,2446856191,-1206,-218,16652,-6,16,-1
FF-0F-D9-91,2446921727,-1224,-218,16742,-5,15,1
FF-0F-DA-91,2446987263,-1200,-226,16738,-5,15,1
FF-0F-DB-91,2447052799,-1172,-212,16726,-6,17,1
FF-0F-DC-91,2447118335,-1234,-258,16764,-6,17,1
FF-0F-DD-91,2447183871,-1220,-188,16764,-6,17,1
FF-0F-DE-91,2447249407,-1174,-262,16708,-6,17,1
FF-0F-DF-91,2447314943,-1202,-226,16794,-6,17,1
FF-0F-E0-91,2447380479,-1172,-236,16720,-6,16,0
FF-0F-E1-91,2447446015,-1228,-258,16638,-6,16,0
FF-0F-E2-91,2447511551,-1206,-224,16778,-7,16,1
FF-0F-E3-91,2447577087,-1168,-192,16730,-7,16,1
FF-0F-E4-91,2447642623,-1250,-200,16656,-6,17,1
FF-0F-E5-91,2447708159,-1232,-242,16732,-6,17,1
FF-0F-E6-91,2447773695,-1184,-214,16766,-6,16,2
FF-0F-E7-91,2447839231,-1248,-206,16756,-6,16,2
FF-0F-E8-91,2447904767,-1212,-188,16764,-5,17,1
FF-0F-E9-91,2447970303,-1162,-238,16752,-5,17,1
FF-0F-EA-91,2448035839,-1202,-176,16722,-4,18,2
FF-0F-EB-91,2448101375,-1200,-230,16810,-4,18,2
FF-0F-EC-91,2448166911,-1156,-236,16720,-6,17,2
FF-0F-ED-91,2448232447,-1194,-224,16686,-6,17,2
FF-0F-EE-91,2448297983,-1206,-230,16774,-5,17,1
FF-0F-EF-91,2448363519,-1190,-214,16774,-5,17,1
FF-0F-F0-91,2448429055,-1166,-224,16736,-7,18,2
FF-0F-F1-91,2448494591,-1192,-238,16750,-7,18,2
FF-0F-F2-91,2448560127,-1198,-212,16760,-5,18,2
FF-0F-F3-91,2448625663,-1248,-256,16706,-5,18,2
FF-0F-F4-91,2448691199,-1150,-208,16790,-6,17,2
FF-0F-F5-91,2448756735,-1200,-182,16740,-6,17,2
FF-0F-F6-91,2448822271,-1220,-212,16662,-6,18,0
FF-0F-F7-91,2448887807,-1202,-232,16832,-6,18,0
FF-0F-F8-91,2448953343,-1184,-194,16784,-6,18,0
FF-0F-F9-91,2449018879,-1198,-266,16684,-6,16,1
FF-0F-FA-91,2449084415,-1216,-188,16826,-6,16,1
FF-0F-FB-91,2449149951,-1220,-252,16728,-5,17,1
FF-0F-FC-91,2449215487,-1188,-194,16732,-5,17,1
FF-0F-FD-91,2449281023,-1188,-214,16808,-6,17,1
FF-0F-FE-91,2449346559,-1212,-200,16740,-6,17,1
FF-0F-FF-91,2449412095,-1220,-276,16676,-5,16,1
FF-0F-00-92,2449477631,-1224,-206,16776,-5,16,1
FF-0F-01-92,2449543167,-1188,-188,16722,-6,17,1
FF-0F-02-92,2449608703,-1202,-224,16710,-6,17,1
FF-0F-03-92,2449674239,-1188,-176,16830,-6,15,1
FF-0F-04-92,2449739775,-1202,-206,16658,-6,15,1
FF-0F-05-92,2449805311,-1210,-262,16744,-5,16,2
FF-0F-06-92,2449870847,-1202,-206,16780,-5,16,2
FF-0F-07-92,2449936383,-1188,-238,16704,-6,16,1
FF-0F-08-92,2450001919,-1234,-236,16730,-6,16,1
FF-0F-09-92,2450067455,-1198,-230,16812,-5,16,1
FF-0F-0A-92,2450132991,-1232,-226,16710,-5,16,1
FF-0F-0B-92,2450198527,-1254,-202,16722,-7,17,2
FF-0F-0C-92,2450264063,-1238,-192,16806,-7,17,2
FF-0F-0D-92,2450329599,-1168,-276,16686,-6,17,1
FF-0F-0E-92,2450395135,-1212,-242,16718,-6,17,1
FF-0F-0F-92,2450460671,-1188,-250,16784,-6,17,1
FF-0F-10-92,2450526207,-1206,-226,16700,-6,16,2
FF-0F-11-92,2450591743,-1194,-236,16752,-6,16,2
FF-0F-12-92,2450657279,-1202,-206,16846,-5,17,2
FF-0F-13-92,2450722815,-1162,-238,16738,-5,17,2
FF-0F-14-92,2450788351,-1216,-208,16752,-7,16,1
FF-0F-15-92,2450853887,-1224,-226,16826,-7,16,1
FF-0F-16-92,2450919423,-1200,-220,16636,-4,18,1
FF-0F-17-92,2450984959,-1216,-250,16730,-4,18,1
FF-0F-18-92,2451050495,-1188,-256,16746,-7,17,2
FF-0F-19-92,2451116031,-1180,-212,16712,-7,17,2
FF-0F-1A-92,2451181567,-1192,-246,16762,-6,16,2
FF-0F-1B-92,2451247103,-1180,-232,16752,-6,16,2
FF-0F-1C-92,2451312639,-1174,-208,16692,-6,17,2
FF-0F-1D-92,2451378175,-1216,-206,16848,-6,17,2
FF-0F-1E-92,2451443711,-1210,-188,16808,-5,17,1
FF-0F-1F-92,2451509247,-1190,-230,16706,-5,17,1
FF-0F-20-92,2451574783,-1222,-258,16808,-7,18,1
FF-0F-21-92,2451640319,-1178,-220,16784,-7,18,1
FF-0F-22-92,2451705855,-1206,-236,16730,-5,16,1
FF-0F-23-92,2451771391,-1148,-196,16770,-5,16,1
FF-0F-24-92,2451836927,-1212,-194,16740,-6,17,1
FF-0F-25-92,2451902463,-1238,-250,16648,-6,17,1
FF-0F-26-92,2451967999,-1212,-236,16804,-6,16,2
FF-0F-27-92,2452033535,-1166,-220,16688,-6,16,2
FF-0F-28-92,2452099071,-1190,-290,16690,-6,16,2
FF-0F-29-92,2452164607,-1194,-236,16814,-6,16,0
FF-0F-2A-92,2452230143,-1152,-244,16738,-6,16,0
FF-0F-2B-92,2452295679,-1206,-238,16684,-5,17,1
FF-0F-2C-92,2452361215,-1166,-246,16812,-5,17,1
FF-0F-2D-92,2452426751,-1180,-212,16770,-5,18,2
FF-0F-2E-92,2452492287,-1180,-208,16720,-5,18,2
FF-0F-2F-92,2452557823,-1202,-242,16752,-6,17,1
FF-0F-30-92,2452623359,-1158,-200,16738,-6,17,1
FF-0F-31-92,2452688895,-1238,-218,16738,-5,17,1
FF-0F-32-92,2452754431,-1234,-200,16762,-5,17,1
FF-0F-33-92,2452819967,-1184,-200,16696,-5,18,1
FF-0F-34-92,2452885503,-1238,-200,16690,-5,18,1
FF-0F-35-92,2452951039,-1200,-236,16784,-6,16,1
FF-0F-36-92,2453016575,-1212,-188,16728,-6,16,1
FF-0F-37-92,2453082111,-1190,-256,16742,-5,16,1
FF-0F-38-92,2453147647,-1194,-214,16796,-5,16,1
FF-0F-39-92,2453213183,-1178,-220,16694,-4,17,2
FF-0F-3A-92,2453278719,-1168,-238,16756,-4,17,2
FF-0F-3B-92,2453344255,-1188,-242,16746,-7,17,1
FF-0F-3C-92,2453409791,-1210,-202,16720,-7,17,1
FF-0F-3D-92,2453475327,-1180,-242,16736,-6,17,0
FF-0F-3E-92,2453540863,-1194,-220,16788,-6,17,0
FF-0F-3F-92,2453606399,-1202,-200,16710,-6,17,2
FF-0F-40-92,2453671935,-1198,-236,16726,-6,17,2
FF-0F-41-92,2453737471,-1210,-218,16774,-6,17,2
FF-0F-42-92,2453803007,-1210,-250,16724,-6,17,2
FF-0F-43-92,2453868543,-1174,-208,16746,-6,17,2
FF-0F-44-92,2453934079,-1222,-246,16754,-5,17,2
FF-0F-45-92,2453999615,-1172,-196,16722,-5,17,2
FF-0F-46-92,2454065151,-1188,-232,16704,-5,17,2
FF-0F-47-92,2454130687,-1206,-186,16770,-5,17,2
FF-0F-48-92,2454196223,-1200,-214,16750,-5,16,1
FF-0F-49-92,2454261759,-1224,-270,16768,-5,16,1
FF-0F-4A-92,2454327295,-1210,-226,16824,-6,17,2
FF-0F-4B-92,2454392831,-1180,-238,16726,-6,17,2
FF-0F-4C-92,2454458367,-1200,-214,16734,-5,15,1
FF-0F-4D-92,2454523903,-1146,-186,16790,-5,15,1
FF-0F-4E-92,2454589439,-1206,-188,16702,-5,17,2
FF-0F-4F-92,2454654975,-1256,-256,16724,-5,17,2
FF-0F-50-92,2454720511,-1202,-200,16762,-8,16,1
FF-0F-51-92,2454786047,-1220,-212,16738,-8,16,1
FF-0F-52-92,2454851583,-1190,-224,16760,-5,18,1
FF-0F-53-92,2454917119,-1162,-224,16780,-5,18,1
FF-0F-54-92,2454982655,-1172,-270,16708,-7,16,1
FF-0F-55-92,2455048191,-1200,-244,16764,-7,16,1
FF-0F-56-92,2455113727,-1220,-252,16834,-5,18,0
FF-0F-57-92,2455179263,-1180,-194,16730,-5,18,0
FF-0F-58-92,2455244799,-1166,-266,16770,-6,18,1
FF-0F-59-92,2455310335,-1194,-188,16770,-6,18,1
FF-0F-5A-92,2455375871,-1222,-186,16706,-6,18,1
FF-0F-5B-92,2455441407,-1200,-250,16766,-6,18,1
FF-0F-5C-92,2455506943,-1188,-220,16786,-6,18,1
FF-0F-5D-92,2455572479,-1220,-202,16650,-6,18,1
FF-0F-5E-92,2455638015,-1222,-220,16720,-6,18,1
FF-0F-5F-92,2455703551,-1168,-212,16782,-6,16,1
FF-0F-60-92,2455769087,-1178,-206,16706,-6,16,1
FF-0F-61-92,2455834623,-1202,-226,16784,-6,16,1
FF-0F-62-92,2455900159,-1202,-200,16766,-6,16,1
FF-0F-63-92,2455965695,-1184,-244,16710,-5,17,1
FF-0F-64-92,2456031231,-1198,-238,16774,-5,17,1
FF-0F-65-92,2456096767,-1172,-188,16788,-5,16,0
FF-0F-66-92,2456162303,-1210,-196,16702,-5,16,0
FF-0F-67-92,2456227839,-1162,-236,16786,-7,17,1
FF-0F-68-92,2456293375,-1180,-220,16812,-7,17,1
FF-0F-69-92,2456358911,-1222,-218,16704,-6,17,1
FF-0F-6A-92,2456424447,-1232,-224,16746,-6,17,1
FF-0F-6B-92,2456489983,-1212,-188,16756,-7,16,1
FF-0F-6C-92,2456555519,-1220,-212,16688,-7,16,1
FF-0F-6D-92,2456621055,-1198,-192,16792,-4,17,3
FF-0F-6E-92,2456686591,-1174,-242,16680,-4,17,3
FF-0F-6F-92,2456752127,-1216,-244,16732,-7,18,2
FF-0F-70-92,2456817663,-1210,-218,16792,-7,18,2
FF-0F-71-92,2456883199,-1184,-200,16712,-4,15,1
FF-0F-72-92,2456948735,-1230,-206,16754,-4,15,1
FF-0F-73-92,2457014271,-1194,-230,16716,-4,15,1
FF-0F-74-92,2457079807,-1202,-188,16716,-6,17,1
FF-0F-75-92,2457145343,-1184,-250,16686,-6,17,1
FF-0F-76-92,2457210879,-1184,-202,16794,-6,16,1
FF-0F-77-92,2457276415,-1136,-232,16752,-6,16,1
FF-0F-78-92,2457341951,-1180,-220,16742,-6,17,2
FF-0F-79-92,2457407487,-1198,-230,16812,-6,17,2
FF-0F-7A-92,2457473023,-1166,-218,16754,-5,17,1
FF-0F-7B-92,2457538559,-1194,-164,16738,-5,17,1
FF-0F-7C-92,2457604095,-1210,-200,16738,-5,16,2
FF-0F-7D-92,2457669631,-1184,-172,16760,-5,16,2
FF-0F-7E-92,2457735167,-1232,-244,16662,-7,17,1
FF-0F-7F-92,2457800703,-1220,-218,16808,-7,17,1
FF-0F-80-92,2457866239,-1212,-244,16786,-4,17,1
FF-0F-81-92,2457931775,-1202,-196,16698,-4,17,1
FF-0F-82-92,2457997311,-1182,-214,16886,-5,16,2
FF-0F-83-92,2458062847,-1200,-218,16704,-5,16,2
FF-0F-84-92,2458128383,-1174,-252,16728,-6,17,3
FF-0F-85-92,2458193919,-1202,-230,16804,-6,17,3
FF-0F-86-92,2458259455,-1202,-172,16728,-7,16,2
FF-0F-87-92,2458324991,-1216,-200,16776,-7,16,2
FF-0F-88-92,2458390527,-1206,-208,16802,-5,17,2
FF-0F-89-92,2458456063,-1202,-236,16728,-5,17,2
FF-0F-8A-92,2458521599,-1206,-218,16782,-6,17,0
FF-0F-8B-92,2458587135,-1190,-244,16792,-6,17,0
FF-0F-8C-92,2458652671,-1172,-232,16774,-6,17,0
FF-0F-8D-92,2458718207,-1198,-244,16728,-6,16,1
FF-0F-8E-92,2458783743,-1206,-186,16828,-6,16,1
FF-0F-8F-92,2458849279,-1190,-256,16708,-5,17,1
FF-0F-90-92,2458914815,-1194,-214,16782,-5,17,1
FF-0F-91-92,2458980351,-1210,-258,16772,-7,17,0
FF-0F-92-92,2459045887,-1168,-268,16720,-7,17,0
FF-0F-93-92,2459111423,-1198,-232,16854,-5,18,1
FF-0F-94-92,2459176959,-1188,-206,16800,-5,18,1
FF-0F-95-92,2459242495,-1194,-182,16726,-6,17,1
FF-0F-96-92,2459308031,-1242,-246,16764,-6,17,1
FF-0F-97-92,2459373567,-1206,-244,16794,-6,16,0
FF-0F-98-92,2459439103,-1206,-232,16746,-6,16,0
FF-0F-99-92,2459504639,-1232,-202,16792,-6,16,0
FF-0F-9A-92,2459570175,-1200,-170,16786,-6,16,0
FF-0F-9B-92,2459635711,-1206,-144,16704,-5,18,2
FF-0F-9C-92,2459701247,-1178,-224,16744,-5,18,2
FF-0F-9D-92,2459766783,-1188,-226,16768,-5,16,1
FF-0F-9E-92,2459832319,-1184,-232,16712,-5,16,1
FF-0F-9F-92,2459897855,-1210,-276,16750,-6,17,2
FF-0F-A0-92,2459963391,-1212,-244,16770,-6,17,2
FF-0F-A1-92,2460028927,-1216,-182,16710,-4,18,1
FF-0F-A2-92,2460094463,-1188,-188,16776,-4,18,1
FF-0F-A3-92,2460159999,-1198,-218,16750,-6,17,1
FF-0F-A4-92,2460225535,-1184,-202,16670,-6,17,1
FF-0F-A5-92,2460291071,-1216,-232,16832,-6,17,1
FF-0F-A6-92,2460356607,-1202,-212,16774,-6,17,2
FF-0F-A7-92,2460422143,-1190,-224,16692,-6,17,2
FF-0F-A8-92,2460487679,-1184,-202,16786,-6,17,0
FF-0F-A9-92,2460553215,-1200,-152,16740,-6,17,0
FF-0F-AA-92,2460618751,-1198,-244,16774,-6,18,2
FF-0F-AB-92,2460684287,-1234,-236,16808,-6,18,2
FF-0F-AC-92,2460749823,-1188,-294,16716,-6,18,1
FF-0F-AD-92,2460815359,-1220,-252,16728,-6,18,1
FF-0F-AE-92,2460880895,-1212,-230,16792,-5,17,2
FF-0F-AF-92,2460946431,-1172,-150,16726,-5,17,2
FF-0F-B0-92,2461011967,-1174,-224,16726,-5,16,1
FF-0F-B1-92,2461077503,-1222,-226,16852,-5,16,1
FF-0F-B2-92,2461143039,-1210,-202,16706,-6,17,2
FF-0F-B3-92,2461208575,-1222,-244,16746,-6,17,2
FF-0F-B4-92,2461274111,-1216,-220,16806,-6,17,1
FF-0F-B5-92,2461339647,-1174,-192,16720,-6,17,1
FF-0F-B6-92,2461405183,-1180,-224,16786,-6,17,1
FF-0F-B7-92,2461470719,-1188,-182,16836,-6,17,1
FF-0F-B8-92,2461536255,-1210,-208,16688,-6,17,2
FF-0F-B9-92,2461601791,-1228,-252,16780,-6,17,2
FF-0F-BA-92,2461667327,-1198,-224,16786,-6,16,1
FF-0F-BB-92,2461732863,-1194,-192,16716,-6,16,1
FF-0F-BC-92,2461798399,-1222,-206,16762,-6,16,1
FF-0F-BD-92,2461863935,-1174,-226,16786,-6,18,2
FF-0F-BE-92,2461929471,-1188,-220,16724,-6,18,2
FF-0F-BF-92,2461995007,-1210,-218,16780,-6,17,2
FF-0F-C0-92,2462060543,-1202,-232,16760,-6,17,2
FF-0F-C1-92,2462126079,-1210,-194,16740,-6,17,1
FF-0F-C2-92,2462191615,-1200,-202,16762,-6,17,1
FF-0F-C3-92,2462257151,-1228,-172,16768,-5,17,1
FF-0F-C4-92,2462322687,-1200,-192,16760,-5,17,1
FF-0F-C5-92,2462388223,-1212,-178,16754,-6,16,2
FF-0F-C6-92,2462453759,-1190,-218,16750,-6,16,2
FF-0F-C7-92,2462519295,-1210,-224,16698,-5,18,1
FF-0F-C8-92,2462584831,-1202,-246,16764,-5,18,1
FF-0F-C9-92,2462650367,-1206,-200,16802,-6,17,2
FF-0F-CA-92,2462715903,-1184,-194,16728,-6,17,2
FF-0F-CB-92,2462781439,-1174,-236,16740,-5,16,1
FF-0F-CC-92,2462846975,-1210,-208,16790,-5,16,1
FF-0F-CD-92,2462912511,-1274,-194,16764,-6,18,1
FF-0F-CE-92,2462978047,-1202,-250,16784,-6,18,1
FF-0F-CF-92,2463043583,-1206,-236,16758,-6,16,2
FF-0F-D0-92,2463109119,-1180,-192,16644,-6,16,2
FF-0F-D1-92,2463174655,-1184,-218,16828,-6,17,1
FF-0F-D2-92,2463240191,-1162,-206,16750,-6,17,1
FF-0F-D3-92,2463305727,-1190,-196,16674,-5,16,1
FF-0F-D4-92,2463371263,-1234,-224,16800,-5,16,1
FF-0F-D5-92,2463436799,-1180,-178,16794,-5,16,1
FF-0F-D6-92,2463502335,-1200,-192,16710,-6,15,2
FF-0F-D7-92,2463567871,-1180,-212,16814,-6,15,2
FF-0F-D8-92,2463633407,-1202,-232,16834,-4,16,1
FF-0F-D9-92,2463698943,-1216,-226,16722,-4,16,1
FF-0F-DA-92,2463764479,-1184,-262,16748,-6,17,1
FF-0F-DB-92,2463830015,-1224,-290,16716,-6,17,1
FF-0F-DC-92,2463895551,-1212,-268,16688,-6,16,2
FF-0F-DD-92,2463961087,-1202,-220,16776,-6,16,2
FF-0F-DE-92,2464026623,-1166,-218,16724,-4,17,0
FF-0F-DF-92,2464092159,-1184,-220,16728,-4,17,0
FF-0F-E0-92,2464157695,-1220,-212,16780,-5,16,2
FF-0F-E1-92,2464223231,-1206,-230,16788,-5,16,2
FF-0F-E2-92,2464288767,-1206,-244,16730,-6,16,0
FF-0F-E3-92,2464354303,-1210,-294,16826,-6,16,0
FF-0F-E4-92,2464419839,-1198,-250,16734,-5,17,1
FF-0F-E5-92,2464485375,-1184,-218,16650,-5,17,1
FF-0F-E6-92,2464550911,-1220,-230,16780,-6,17,2
FF-0F-E7-92,2464616447,-1210,-224,16752,-6,17,2
FF-0F-E8-92,2464681983,-1234,-224,16762,-6,16,1
FF-0F-E9-92,2464747519,-1212,-208,16792,-6,16,1
FF-0F-EA-92,2464813055,-1184,-230,16720,-6,17,1
FF-0F-EB-92,2464878591,-1206,-188,16722,-6,17,1
FF-0F-EC-92,2464944127,-1172,-246,16766,-5,17,2
FF-0F-ED-92,2465009663,-1198,-186,16760,-5,17,2
FF-0F-EE-92,2465075199,-1202,-274,16712,-5,17,2
FF-0F-EF-92,2465140735,-1198,-230,16816,-7,16,2
FF-0F-F0-92,2465206271,-1228,-212,16732,-7,16,2
FF-0F-F1-92,2465271807,-1198,-226,16738,-4,16,1
FF-0F-F2-92,2465337343,-1202,-200,16804,-4,16,1
FF-0F-F3-92,2465402879,-1194,-192,16712,-6,17,0
FF-0F-F4-92,2465468415,-1210,-194,16784,-6,17,0
FF-0F-F5-92,2465533951,-1224,-236,16812,-5,17,2
FF-0F-F6-92,2465599487,-1210,-188,16662,-5,17,2
FF-0F-F7-92,2465665023,-1212,-252,16736,-6,16,2
FF-0F-F8-92,2465730559,-1194,-192,16874,-6,16,2
FF-0F-F9-92,2465796095,-1198,-188,16718,-4,18,2
FF-0F-FA-92,2465861631,-1202,-238,16740,-4,18,2
FF-0F-FB-92,2465927167,-1210,-218,16770,-7,16,2
FF-0F-FC-92,2465992703,-1200,-250,16776,-7,16,2
FF-0F-FD-92,2466058239,-1202,-186,16714,-5,17,1
FF-0F-FE-92,2466123775,-1188,-220,16844,-5,17,1
FF-0F-FF-92,2466189311,-1156,-208,16698,-6,16,1
FF-0F-00-93,2466254847,-1212,-218,16784,-6,16,1
FF-0F-01-93,2466320383,-1198,-220,16814,-6,16,0
FF-0F-02-93,2466385919,-1200,-238,16706,-6,16,0
FF-0F-03-93,2466451455,-1200,-252,16798,-6,16,0
FF-0F-04-93,2466516991,-1188,-224,16840,-6,16,0
FF-0F-05-93,2466582527,-1190,-232,16728,-5,17,1
FF-0F-06-93,2466648063,-1200,-270,16738,-5,17,1
FF-0F-07-93,2466713599,-1174,-224,16802,-5,17,1
FF-0F-08-93,2466779135,-1194,-194,16726,-7,17,0
FF-0F-09-93,2466844671,-1200,-232,16774,-7,17,0
FF-0F-0A-93,2466910207,-1224,-182,16770,-6,16,2
FF-0F-0B-93,2466975743,-1178,-250,16722,-6,16,2
FF-0F-0C-93,2467041279,-1206,-238,16750,-5,16,2
FF-0F-0D-93,2467106815,-1190,-224,16826,-5,16,2
FF-0F-0E-93,2467172351,-1248,-246,16722,-5,16,1
FF-0F-0F-93,2467237887,-1222,-212,16788,-5,16,1
FF-0F-10-93,2467303423,-1200,-232,16784,-6,16,0
FF-0F-11-93,2467368959,-1190,-194,16740,-6,16,0
FF-0F-12-93,2467434495,-1178,-220,16814,-5,16,2
FF-0F-13-93,2467500031,-1158,-178,16780,-5,16,2
FF-0F-14-93,2467565567,-1228,-196,16720,-6,16,1
FF-0F-15-93,2467631103,-1224,-236,16772,-6,16,1
FF-0F-16-93,2467696639,-1206,-206,16792,-7,17,1
FF-0F-17-93,2467762175,-1222,-226,16676,-7,17,1
FF-0F-18-93,2467827711,-1210,-230,16812,-6,16,1
FF-0F-19-93,2467893247,-1210,-242,16770,-6,16,1
FF-0F-1A-93,2467958783,-1198,-168,16726,-5,16,2
FF-0F-1B-93,2468024319,-1254,-256,16804,-5,16,2
FF-0F-1C-93,2468089855,-1212,-192,16808,-6,16,1
FF-0F-1D-93,2468155391,-1216,-274,16710,-6,16,1
FF-0F-1E-93,2468220927,-1172,-218,16744,-5,16,1
FF-0F-1F-93,2468286463,-1210,-230,16798,-5,16,1
FF-0F-20-93,2468351999,-1198,-212,16742,-5,16,1
FF-0F-21-93,2468417535,-1222,-212,16742,-6,16,1
FF-0F-22-93,2468483071,-1174,-242,16734,-6,16,1
FF-0F-23-93,2468548607,-1200,-244,16716,-4,17,2
FF-0F-24-93,2468614143,-1174,-206,16796,-4,17,2
FF-0F-25-93,2468679679,-1232,-214,16740,-6,16,0
FF-0F-26-93,2468745215,-1156,-236,16726,-6,16,0
FF-0F-27-93,2468810751,-1202,-178,16770,-6,17,1
FF-0F-28-93,2468876287,-1180,-196,16746,-6,17,1
FF-0F-29-93,2468941823,-1216,-244,16674,-6,16,0
FF-0F-2A-93,2469007359,-1206,-276,16822,-6,16,0
FF-0F-2B-93,2469072895,-1200,-196,16758,-5,16,2
FF-0F-2C-93,2469138431,-1152,-220,16698,-5,16,2
FF-0F-2D-93,2469203967,-1212,-238,16772,-5,18,1
FF-0F-2E-93,2469269503,-1188,-192,16716,-5,18,1
FF-0F-2F-93,2469335039,-1248,-196,16668,-5,17,1
FF-0F-30-93,2469400575,-1210,-212,16806,-5,17,1
FF-0F-31-93,2469466111,-1188,-266,16720,-7,18,1
FF-0F-32-93,2469531647,-1228,-220,16716,-7,18,1
FF-0F-33-93,2469597183,-1172,-212,16804,-4,17,1
FF-0F-34-93,2469662719,-1180,-194,16734,-4,17,1
FF-0F-35-93,2469728255,-1220,-230,16710,-5,16,2
FF-0F-36-93,2469793791,-1224,-196,16808,-5,16,2
FF-0F-37-93,2469859327,-1224,-200,16768,-6,16,1
FF-0F-38-93,2469924863,-1222,-238,16808,-6,16,1
FF-0F-39-93,2469990399,-1194,-218,16808,-6,16,1
FF-0F-3A-93,2470055935,-1194,-200,16708,-5,15,1
FF-0F-3B-93,2470121471,-1234,-202,16742,-5,15,1
FF-0F-3C-93,2470187007,-1200,-250,16818,-6,16,2
FF-0F-3D-93,2470252543,-1168,-208,16722,-6,16,2
FF-0F-3E-93,2470318079,-1194,-230,16740,-5,17,1
FF-0F-3F-93,2470383615,-1230,-200,16820,-5,17,1
FF-0F-40-93,2470449151,-1210,-194,16720,-6,15,0
FF-0F-41-93,2470514687,-1228,-256,16702,-6,15,0
FF-0F-42-93,2470580223,-1202,-224,16802,-6,17,3
FF-0F-43-93,2470645759,-1178,-220,16710,-6,17,3
FF-0F-44-93,2470711295,-1188,-208,16712,-7,17,1
FF-0F-45-93,2470776831,-1210,-238,16826,-7,17,1
FF-0F-46-93,2470842367,-1206,-214,16684,-5,17,1
FF-0F-47-93,2470907903,-1190,-236,16746,-5,17,1
FF-0F-48-93,2470973439,-1224,-230,16740,-5,17,3
FF-0F-49-93,2471038975,-1212,-200,16742,-5,17,3
FF-0F-4A-93,2471104511,-1216,-236,16752,-6,16,1
FF-0F-4B-93,2471170047,-1180,-214,16742,-6,16,1
FF-0F-4C-93,2471235583,-1198,-172,16698,-7,17,2
FF-0F-4D-93,2471301119,-1232,-220,16770,-7,17,2
FF-0F-4E-93,2471366655,-1184,-208,16792,-6,18,0
FF-0F-4F-93,2471432191,-1222,-172,16696,-6,18,0
FF-0F-50-93,2471497727,-1228,-250,16750,-6,18,0
FF-0F-51-93,2471563263,-1172,-224,16784,-6,16,2
FF-0F-52-93,2471628799,-1190,-226,16716,-6,16,2
FF-0F-53-93,2471694335,-1170,-178,16774,-5,16,1
FF-0F-54-93,2471759871,-1200,-220,16764,-5,16,1
FF-0F-55-93,2471825407,-1198,-214,16742,-6,17,0
FF-0F-56-93,2471890943,-1220,-224,16772,-6,17,0
FF-0F-57-93,2471956479,-1178,-212,16770,-6,17,0
FF-0F-58-93,2472022015,-1234,-178,16666,-6,17,0
FF-0F-59-93,2472087551,-1200,-238,16794,-6,17,0
FF-0F-5A-93,2472153087,-1274,-214,16808,-6,17,0
FF-0F-5B-93,2472218623,-1210,-202,16730,-5,16,0
FF-0F-5C-93,2472284159,-1178,-226,16752,-5,16,0
FF-0F-5D-93,2472349695,-1216,-238,16806,-4,16,0
FF-0F-5E-93,2472415231,-1194,-242,16696,-4,16,0
FF-0F-5F-93,2472480767,-1212,-224,16784,-6,15,1
FF-0F-60-93,2472546303,-1176,-186,16802,-6,15,1
FF-0F-61-93,2472611839,-1216,-224,16668,-5,15,0
FF-0F-62-93,2472677375,-1166,-262,16760,-5,15,0
FF-0F-63-93,2472742911,-1194,-194,16740,-5,16,0
FF-0F-64-93,2472808447,-1254,-208,16792,-5,16,0
FF-0F-65-93,2472873983,-1184,-244,16760,-7,16,1
FF-0F-66-93,2472939519,-1224,-224,16700,-7,16,1
FF-0F-67-93,2473005055,-1194,-226,16726,-5,16,1
FF-0F-68-93,2473070591,-1248,-212,16794,-5,16,1
FF-0F-69-93,2473136127,-1168,-212,16770,-5,16,1
FF-0F-6A-93,2473201663,-1194,-208,16788,-7,16,2
FF-0F-6B-93,2473267199,-1230,-206,16844,-7,16,2
FF-0F-6C-93,2473332735,-1250,-218,16768,-6,16,2
FF-0F-6D-93,2473398271,-1178,-268,16736,-6,16,2
FF-0F-6E-93,2473463807,-1210,-214,16762,-5,17,1
FF-0F-6F-93,2473529343,-1228,-230,16702,-5,17,1
FF-0F-70-93,2473594879,-1202,-238,16784,-5,17,1
FF-0F-71-93,2473660415,-1148,-242,16788,-5,17,1
FF-0F-72-93,2473725951,-1188,-230,16746,-7,16,2
FF-0F-73-93,2473791487,-1238,-256,16716,-7,16,2
FF-0F-74-93,2473857023,-1206,-238,16804,-6,17,-1
FF-0F-75-93,2473922559,-1198,-206,16728,-6,17,-1
FF-0F-76-93,2473988095,-1206,-256,16716,-6,16,1
FF-0F-77-93,2474053631,-1198,-202,16830,-6,16,1
FF-0F-78-93,2474119167,-1194,-238,16664,-5,17,2
FF-0F-79-93,2474184703,-1238,-252,16684,-5,17,2
FF-0F-7A-93,2474250239,-1206,-200,16792,-6,17,2
FF-0F-7B-93,2474315775,-1212,-182,16700,-6,17,2
FF-0F-7C-93,2474381311,-1178,-242,16710,-5,18,2
FF-0F-7D-93,2474446847,-1228,-232,16774,-5,18,2
FF-0F-7E-93,2474512383,-1222,-242,16740,-6,17,2
FF-0F-7F-93,2474577919,-1242,-266,16760,-6,17,2
FF-0F-80-93,2474643455,-1190,-212,16744,-5,18,2
FF-0F-81-93,2474708991,-1206,-274,16716,-5,18,2
FF-0F-82-93,2474774527,-1210,-244,16776,-5,18,2
FF-0F-83-93,2474840063,-1188,-256,16786,-5,17,1
FF-0F-84-93,2474905599,-1184,-178,16728,-5,17,1
FF-0F-85-93,2474971135,-1232,-226,16770,-6,17,2
FF-0F-86-93,2475036671,-1172,-208,16800,-6,17,2
FF-0F-87-93,2475102207,-1158,-242,16680,-6,16,2
FF-0F-88-93,2475167743,-1222,-196,16766,-6,16,2
FF-0F-89-93,2475233279,-1184,-218,16784,-6,18,3
FF-0F-8A-93,2475298815,-1200,-206,16696,-6,18,3
FF-0F-8B-93,2475364351,-1202,-238,16780,-6,16,1
FF-0F-8C-93,2475429887,-1162,-220,16770,-6,16,1
FF-0F-8D-93,2475495423,-1174,-196,16678,-6,16,0
FF-0F-8E-93,2475560959,-1192,-226,16742,-6,16,0
FF-0F-8F-93,2475626495,-1202,-238,16762,-6,16,0
FF-0F-90-93,2475692031,-1222,-220,16734,-6,16,0
FF-0F-91-93,2475757567,-1168,-200,16760,-5,17,1
FF-0F-92-93,2475823103,-1206,-202,16704,-5,17,1
FF-0F-93-93,2475888639,-1228,-214,16708,-6,15,1
FF-0F-94-93,2475954175,-1198,-244,16740,-6,15,1
FF-0F-95-93,2476019711,-1178,-208,16802,-5,16,1
FF-0F-96-93,2476085247,-1224,-224,16658,-5,16,1
FF-0F-97-93,2476150783,-1190,-256,16832,-6,17,1
FF-0F-98-93,2476216319,-1184,-170,16782,-6,17,1
FF-0F-99-93,2476281855,-1188,-230,16702,-6,17,1
FF-0F-9A-93,2476347391,-1228,-194,16798,-6,17,1
FF-0F-9B-93,2476412927,-1198,-178,16774,-6,17,1
FF-0F-9C-93,2476478463,-1216,-232,16750,-5,18,1
FF-0F-9D-93,2476543999,-1166,-250,16832,-5,18,1
FF-0F-9E-93,2476609535,-1144,-192,16746,-6,17,1
FF-0F-9F-93,2476675071,-1228,-244,16704,-6,17,1
FF-0F-A0-93,2476740607,-1224,-236,16794,-6,17,2
FF-0F-A1-93,2476806143,-1190,-182,16742,-6,17,2
FF-0F-A2-93,2476871679,-1194,-214,16752,-6,17,0
FF-0F-A3-93,2476937215,-1216,-220,16782,-6,17,0
FF-0F-A4-93,2477002751,-1194,-212,16720,-5,16,0
FF-0F-A5-93,2477068287,-1232,-194,16686,-5,16,0
FF-0F-A6-93,2477133823,-1206,-242,16820,-6,16,1
FF-0F-A7-93,2477199359,-1166,-256,16746,-6,16,1
FF-0F-A8-93,2477264895,-1188,-246,16760,-6,16,2
FF-0F-A9-93,2477330431,-1184,-206,16768,-6,16,2
FF-0F-AA-93,2477395967,-1178,-194,16808,-5,18,1
FF-0F-AB-93,2477461503,-1212,-242,16730,-5,18,1
FF-0F-AC-93,2477527039,-1174,-162,16768,-5,17,1
FF-0F-AD-93,2477592575,-1212,-246,16748,-5,17,1
FF-0F-AE-93,2477658111,-1212,-194,16710,-5,17,2
FF-0F-AF-93,2477723647,-1148,-186,16858,-5,17,2
FF-0F-B0-93,2477789183,-1190,-238,16738,-6,18,1
FF-0F-B1-93,2477854719,-1212,-182,16726,-6,18,1
FF-0F-B2-93,2477920255,-1178,-192,16816,-6,17,1
FF-0F-B3-93,2477985791,-1210,-194,16768,-6,17,1
FF-0F-B4-93,2478051327,-1198,-238,16760,-6,17,1
FF-0F-B5-93,2478116863,-1198,-238,16798,-6,17,1
FF-0F-B6-93,2478182399,-1216,-214,16726,-6,17,1
FF-0F-B7-93,2478247935,-1184,-236,16698,-6,17,3
FF-0F-B8-93,2478313471,-1196,-250,16766,-6,17,3
FF-0F-B9-93,2478379007,-1198,-224,16710,-6,17,1
FF-0F-BA-93,2478444543,-1220,-252,16718,-6,17,1
FF-0F-BB-93,2478510079,-1162,-206,16712,-6,18,2
FF-0F-BC-93,2478575615,-1228,-242,16710,-6,18,2
FF-0F-BD-93,2478641151,-1248,-266,16710,-6,17,1
FF-0F-BE-93,2478706687,-1184,-258,16792,-6,17,1
FF-0F-BF-93,2478772223,-1188,-206,16680,-5,16,1
FF-0F-C0-93,2478837759,-1212,-246,16788,-5,16,1
FF-0F-C1-93,2478903295,-1172,-218,16712,-6,18,1
FF-0F-C2-93,2478968831,-1168,-214,16722,-6,18,1
FF-0F-C3-93,2479034367,-1220,-242,16764,-6,16,1
FF-0F-C4-93,2479099903,-1202,-186,16782,-6,16,1
FF-0F-C5-93,2479165439,-1212,-218,16722,-6,17,0
FF-0F-C6-93,2479230975,-1212,-242,16784,-6,17,0
FF-0F-C7-93,2479296511,-1148,-274,16746,-5,18,1
FF-0F-C8-93,2479362047,-1200,-236,16708,-5,18,1
FF-0F-C9-93,2479427583,-1188,-238,16754,-6,18,2
FF-0F-CA-93,2479493119,-1194,-266,16698,-6,18,2
FF-0F-CB-93,2479558655,-1154,-218,16718,-5,17,1
FF-0F-CC-93,2479624191,-1222,-186,16766,-5,17,1
FF-0F-CD-93,2479689727,-1200,-206,16750,-5,17,1
FF-0F-CE-93,2479755263,-1220,-202,16726,-5,18,2
FF-0F-CF-93,2479820799,-1188,-224,16814,-5,18,2
FF-0F-D0-93,2479886335,-1224,-226,16750,-6,17,1
FF-0F-D1-93,2479951871,-1210,-182,16684,-6,17,1
FF-0F-D2-93,2480017407,-1238,-236,16740,-5,17,3
FF-0F-D3-93,2480082943,-1218,-206,16760,-5,17,3
FF-0F-D4-93,2480148479,-1232,-232,16768,-5,17,2
FF-0F-D5-93,2480214015,-1212,-230,16720,-5,17,2
FF-0F-D6-93,2480279551,-1216,-188,16802,-6,18,2
FF-0F-D7-93,2480345087,-1198,-230,16684,-6,18,2
FF-0F-D8-93,2480410623,-1190,-212,16818,-6,17,2
FF-0F-D9-93,2480476159,-1190,-194,16748,-6,17,2
FF-0F-DA-93,2480541695,-1202,-214,16730,-6,18,2
FF-0F-DB-93,2480607231,-1222,-262,16740,-6,18,2
FF-0F-DC-93,2480672767,-1202,-232,16726,-6,17,2
FF-0F-DD-93,2480738303,-1212,-206,16726,-6,17,2
FF-0F-DE-93,2480803839,-1222,-246,16780,-5,17,1
FF-0F-DF-93,2480869375,-1232,-218,16758,-5,17,1
FF-0F-E0-93,2480934911,-1210,-256,16724,-5,17,1
FF-0F-E1-93,2481000447,-1188,-158,16798,-5,17,1
FF-0F-E2-93,2481065983,-1194,-262,16706,-6,17,1
FF-0F-E3-93,2481131519,-1174,-224,16702,-6,17,1
FF-0F-E4-93,2481197055,-1208,-236,16818,-5,17,2
FF-0F-E5-93,2481262591,-1166,-202,16734,-5,17,2
FF-0F-E6-93,2481328127,-1220,-232,16724,-5,17,2
FF-0F-E7-93,2481393663,-1224,-224,16764,-5,17,1
FF-0F-E8-93,2481459199,-1168,-212,16720,-5,17,1
FF-0F-E9-93,2481524735,-1168,-246,16750,-5,17,1
FF-0F-EA-93,2481590271,-1200,-226,16804,-5,17,1
FF-0F-EB-93,2481655807,-1202,-236,16724,-6,16,0
FF-0F-EC-93,2481721343,-1206,-200,16734,-6,16,0
FF-0F-ED-93,2481786879,-1188,-230,16808,-5,17,1
FF-0F-EE-93,2481852415,-1190,-220,16710,-5,17,1
FF-0F-EF-93,2481917951,-1198,-206,16798,-6,18,2
FF-0F-F0-93,2481983487,-1190,-230,16760,-6,18,2
FF-0F-F1-93,2482049023,-1182,-218,16724,-5,18,2
FF-0F-F2-93,2482114559,-1194,-236,16728,-5,18,2
FF-0F-F3-93,2482180095,-1178,-226,16752,-6,18,2
FF-0F-F4-93,2482245631,-1212,-178,16740,-6,18,2
FF-0F-F5-93,2482311167,-1254,-230,16786,-6,18,2
FF-0F-F6-93,2482376703,-1238,-220,16780,-6,18,2
FF-0F-F7-93,2482442239,-1244,-220,16702,-7,16,2
FF-0F-F8-93,2482507775,-1184,-232,16770,-7,16,2
FF-0F-F9-93,2482573311,-1212,-226,16754,-5,19,1
FF-0F-FA-93,2482638847,-1200,-214,16710,-5,19,1
FF-0F-FB-93,2482704383,-1194,-194,16802,-6,18,2
FF-0F-FC-93,2482769919,-1174,-218,16764,-6,18,2
FF-0F-FD-93,2482835455,-1234,-218,16702,-6,18,2
FF-0F-FE-93,2482900991,-1222,-214,16750,-6,18,2
FF-0F-FF-93,2482966527,-1210,-182,16836,-6,18,2
FF-0F-00-94,2483032063,-1224,-226,16702,-6,17,1
FF-0F-01-94,2483097599,-1212,-250,16794,-6,17,1
FF-0F-02-94,2483163135,-1190,-172,16794,-6,17,0
FF-0F-03-94,2483228671,-1166,-236,16712,-6,17,0
FF-0F-04-94,2483294207,-1178,-214,16748,-6,17,1
FF-0F-05-94,2483359743,-1180,-230,16760,-6,17,1
FF-0F-06-94,2483425279,-1200,-236,16676,-6,17,1
FF-0F-07-94,2483490815,-1228,-226,16758,-6,17,1
FF-0F-08-94,2483556351,-1194,-168,16786,-5,16,2
FF-0F-09-94,2483621887,-1172,-188,16754,-5,16,2
FF-0F-0A-94,2483687423,-1194,-246,16836,-6,16,3
FF-0F-0B-94,2483752959,-1206,-202,16752,-6,16,3
FF-0F-0C-94,2483818495,-1254,-208,16732,-5,17,2
FF-0F-0D-94,2483884031,-1202,-242,16802,-5,17,2
FF-0F-0E-94,2483949567,-1134,-192,16780,-6,17,2
FF-0F-0F-94,2484015103,-1216,-226,16732,-6,17,2
FF-0F-10-94,2484080639,-1212,-196,16776,-5,17,2
FF-0F-11-94,2484146175,-1168,-220,16738,-5,17,2
FF-0F-12-94,2484211711,-1202,-232,16738,-5,17,0
FF-0F-13-94,2484277247,-1250,-252,16772,-5,17,0
FF-0F-14-94,2484342783,-1212,-214,16712,-7,16,1
FF-0F-15-94,2484408319,-1200,-230,16692,-7,16,1
FF-0F-16-94,2484473855,-1198,-214,16854,-7,16,1
FF-0F-17-94,2484539391,-1194,-206,16720,-6,17,1
FF-0F-18-94,2484604927,-1234,-212,16658,-6,17,1
FF-0F-19-94,2484670463,-1200,-232,16800,-5,17,2
FF-0F-1A-94,2484735999,-1164,-224,16718,-5,17,2
FF-0F-1B-94,2484801535,-1224,-226,16716,-6,17,1
FF-0F-1C-94,2484867071,-1202,-266,16826,-6,17,1
FF-0F-1D-94,2484932607,-1194,-186,16712,-5,17,1
FF-0F-1E-94,2484998143,-1180,-206,16724,-5,17,1
FF-0F-1F-94,2485063679,-1200,-206,16808,-5,18,1
FF-0F-20-94,2485129215,-1212,-172,16728,-5,18,1
FF-0F-21-94,2485194751,-1206,-218,16710,-6,16,2
FF-0F-22-94,2485260287,-1202,-238,16806,-6,16,2
FF-0F-23-94,2485325823,-1198,-220,16712,-6,17,1
FF-0F-24-94,2485391359,-1194,-236,16738,-6,17,1
FF-0F-25-94,2485456895,-1250,-218,16780,-6,17,0
FF-0F-26-94,2485522431,-1206,-186,16756,-6,17,0
FF-0F-27-94,2485587967,-1218,-226,16726,-4,16,2
FF-0F-28-94,2485653503,-1180,-236,16762,-4,16,2
FF-0F-29-94,2485719039,-1154,-200,16714,-7,18,1
FF-0F-2A-94,2485784575,-1222,-244,16762,-7,18,1
FF-0F-2B-94,2485850111,-1190,-224,16788,-5,16,1
FF-0F-2C-94,2485915647,-1194,-208,16716,-5,16,1
FF-0F-2D-94,2485981183,-1224,-244,16722,-6,17,2
FF-0F-2E-94,2486046719,-1212,-218,16752,-6,17,2
FF-0F-2F-94,2486112255,-1232,-182,16700,-6,17,2
FF-0F-30-94,2486177791,-1220,-246,16764,-5,17,2
FF-0F-31-94,2486243327,-1184,-274,16846,-5,17,2
FF-0F-32-94,2486308863,-1224,-242,16670,-5,17,0
FF-0F-33-94,2486374399,-1198,-202,16794,-5,17,0
FF-0F-34-94,2486439935,-1180,-214,16812,-5,17,1
FF-0F-35-94,2486505471,-1190,-214,16774,-5,17,1
FF-0F-36-94,2486571007,-1248,-226,16740,-5,16,2
FF-0F-37-94,2486636543,-1256,-202,16852,-5,16,2
FF-0F-38-94,2486702079,-1184,-232,16730,-7,17,1
FF-0F-39-94,2486767615,-1220,-244,16802,-7,17,1
FF-0F-3A-94,2486833151,-1180,-214,16836,-5,17,1
FF-0F-3B-94,2486898687,-1244,-266,16696,-5,17,1
FF-0F-3C-94,2486964223,-1222,-206,16766,-6,16,1
FF-0F-3D-94,2487029759,-1218,-214,16792,-6,16,1
FF-0F-3E-94,2487095295,-1224,-244,16718,-6,16,1
FF-0F-3F-94,2487160831,-1206,-256,16776,-6,16,1
FF-0F-40-94,2487226367,-1188,-226,16826,-5,15,1
FF-0F-41-94,2487291903,-1212,-202,16692,-5,15,1
FF-0F-42-94,2487357439,-1186,-186,16768,-6,17,1
FF-0F-43-94,2487422975,-1234,-186,16772,-6,17,1
FF-0F-44-94,2487488511,-1210,-214,16698,-6,16,0
FF-0F-45-94,2487554047,-1250,-244,16780,-6,16,0
FF-0F-46-94,2487619583,-1150,-230,16766,-6,16,1
FF-0F-47-94,2487685119,-1194,-158,16686,-6,16,1
FF-0F-48-94,2487750655,-1198,-226,16754,-6,16,1
FF-0F-49-94,2487816191,-1144,-156,16762,-5,14,1
FF-0F-4A-94,2487881727,-1198,-238,16744,-5,14,1
FF-0F-4B-94,2487947263,-1184,-208,16794,-6,15,2
FF-0F-4C-94,2488012799,-1202,-214,16768,-6,15,2
FF-0F-4D-94,2488078335,-1198,-230,16712,-7,16,2
FF-0F-4E-94,2488143871,-1216,-226,16788,-7,16,2
FF-0F-4F-94,2488209407,-1172,-214,16746,-6,16,1
FF-0F-50-94,2488274943,-1182,-206,16726,-6,16,1
FF-0F-51-94,2488340479,-1202,-220,16818,-6,16,1
FF-0F-52-94,2488406015,-1202,-172,16718,-6,16,1
FF-0F-53-94,2488471551,-1190,-212,16748,-7,16,1
FF-0F-54-94,2488537087,-1220,-230,16774,-7,16,1
FF-0F-55-94,2488602623,-1166,-230,16776,-4,16,1
FF-0F-56-94,2488668159,-1190,-220,16702,-4,16,1
FF-0F-57-94,2488733695,-1216,-206,16826,-6,17,0
FF-0F-58-94,2488799231,-1168,-212,16790,-6,17,0
FF-0F-59-94,2488864767,-1224,-214,16696,-4,17,2
FF-0F-5A-94,2488930303,-1164,-218,16784,-4,17,2
FF-0F-5B-94,2488995839,-1222,-252,16784,-6,17,1
FF-0F-5C-94,2489061375,-1238,-202,16746,-6,17,1
FF-0F-5D-94,2489126911,-1184,-218,16824,-6,16,0
FF-0F-5E-94,2489192447,-1184,-158,16780,-6,16,0
FF-0F-5F-94,2489257983,-1190,-230,16752,-7,16,2
FF-0F-60-94,2489323519,-1180,-206,16770,-7,16,2
FF-0F-61-94,2489389055,-1200,-208,16726,-7,16,2
FF-0F-62-94,2489454591,-1194,-230,16698,-5,17,3
FF-0F-63-94,2489520127,-1198,-202,16784,-5,17,3
FF-0F-64-94,2489585663,-1206,-152,16752,-6,15,1
FF-0F-65-94,2489651199,-1212,-202,16692,-6,15,1
FF-0F-66-94,2489716735,-1228,-208,16830,-6,16,2
FF-0F-67-94,2489782271,-1212,-226,16728,-6,16,2
FF-0F-68-94,2489847807,-1210,-238,16760,-6,16,1
FF-0F-69-94,2489913343,-1172,-242,16806,-6,16,1
FF-0F-6A-94,2489978879,-1192,-220,16732,-6,15,2
FF-0F-6B-94,2490044415,-1200,-242,16698,-6,15,2
FF-0F-6C-94,2490109951,-1212,-212,16746,-6,15,0
FF-0F-6D-94,2490175487,-1180,-192,16736,-6,15,0
FF-0F-6E-94,2490241023,-1188,-276,16748,-7,15,1
FF-0F-6F-94,2490306559,-1172,-226,16798,-7,15,1
FF-0F-70-94,2490372095,-1184,-196,16680,-6,16,1
FF-0F-71-94,2490437631,-1212,-226,16770,-6,16,1
FF-0F-72-94,2490503167,-1202,-186,16780,-6,17,0
FF-0F-73-94,2490568703,-1164,-208,16712,-6,17,0
FF-0F-74-94,2490634239,-1190,-236,16766,-6,15,0
FF-0F-75-94,2490699775,-1234,-246,16740,-6,15,0
FF-0F-76-94,2490765311,-1188,-238,16720,-7,17,1
FF-0F-77-94,2490830847,-1184,-212,16680,-7,17,1
FF-0F-78-94,2490896383,-1168,-218,16804,-7,17,1
FF-0F-79-94,2490961919,-1198,-230,16660,-6,17,1
FF-0F-7A-94,2491027455,-1210,-246,16760,-6,17,1
FF-0F-7B-94,2491092991,-1180,-168,16786,-6,16,1
FF-0F-7C-94,2491158527,-1162,-258,16726,-6,16,1
FF-0F-7D-94,2491224063,-1224,-202,16776,-6,15,0
FF-0F-7E-94,2491289599,-1198,-220,16752,-6,15,0
FF-0F-7F-94,2491355135,-1194,-218,16712,-5,17,1
FF-0F-80-94,2491420671,-1222,-236,16740,-5,17,1
FF-0F-81-94,2491486207,-1162,-238,16788,-6,15,2
FF-0F-82-94,2491551743,-1242,-232,16720,-6,15,2
FF-0F-83-94,2491617279,-1220,-262,16766,-4,17,2
FF-0F-84-94,2491682815,-1202,-194,16740,-4,17,2
FF-0F-85-94,2491748351,-1194,-196,16726,-6,17,1
FF-0F-86-94,2491813887,-1206,-232,16752,-6,17,1
FF-0F-87-94,2491879423,-1160,-206,16798,-5,18,0
FF-0F-88-94,2491944959,-1174,-230,16734,-5,18,0
FF-0F-89-94,2492010495,-1202,-208,16776,-6,17,2
FF-0F-8A-94,2492076031,-1160,-242,16814,-6,17,2
FF-0F-8B-94,2492141567,-1198,-244,16640,-6,17,1
FF-0F-8C-94,2492207103,-1234,-242,16728,-6,17,1
FF-0F-8D-94,2492272639,-1232,-208,16756,-5,16,1
FF-0F-8E-94,2492338175,-1234,-148,16702,-5,16,1
FF-0F-8F-94,2492403711,-1180,-276,16784,-6,17,2
FF-0F-90-94,2492469247,-1206,-158,16750,-6,17,2
FF-0F-91-94,2492534783,-1222,-224,16712,-6,17,2
FF-0F-92-94,2492600319,-1136,-220,16760,-4,17,1
FF-0F-93-94,2492665855,-1202,-220,16734,-4,17,1
FF-0F-94-94,2492731391,-1202,-218,16706,-7,17,1
FF-0F-95-94,2492796927,-1238,-236,16782,-7,17,1
FF-0F-96-94,2492862463,-1184,-194,16688,-6,16,2
FF-0F-97-94,2492927999,-1188,-188,16728,-6,16,2
FF-0F-98-94,2492993535,-1222,-256,16794,-5,15,1
FF-0F-99-94,2493059071,-1220,-208,16760,-5,15,1
FF-0F-9A-94,2493124607,-1222,-230,16674,-6,17,-1
FF-0F-9B-94,2493190143,-1210,-212,16832,-6,17,-1
FF-0F-9C-94,2493255679,-1200,-164,16732,-6,16,1
FF-0F-9D-94,2493321215,-1184,-262,16708,-6,16,1
FF-0F-9E-94,2493386751,-1188,-196,16758,-7,16,1
FF-0F-9F-94,2493452287,-1168,-206,16776,-7,16,1
FF-0F-A0-94,2493517823,-1216,-212,16730,-5,15,1
FF-0F-A1-94,2493583359,-1194,-262,16776,-5,15,1
FF-0F-A2-94,2493648895,-1198,-182,16716,-7,17,1
FF-0F-A3-94,2493714431,-1200,-276,16712,-7,17,1
FF-0F-A4-94,2493779967,-1228,-236,16802,-6,17,1
FF-0F-A5-94,2493845503,-1172,-194,16708,-6,17,1
FF-0F-A6-94,2493911039,-1194,-262,16682,-6,16,1
FF-0F-A7-94,2493976575,-1174,-200,16798,-6,16,1
FF-0F-A8-94,2494042111,-1200,-156,16764,-5,15,0
FF-0F-A9-94,2494107647,-1210,-202,16706,-5,15,0
FF-0F-AA-94,2494173183,-1154,-214,16764,-5,15,0
FF-0F-AB-94,2494238719,-1216,-188,16758,-5,17,2
FF-0F-AC-94,2494304255,-1198,-242,16676,-5,17,2
FF-0F-AD-94,2494369791,-1212,-212,16868,-6,16,1
FF-0F-AE-94,2494435327,-1194,-206,16712,-6,16,1
FF-0F-AF-94,2494500863,-1234,-214,16718,-6,16,1
FF-0F-B0-94,2494566399,-1196,-218,16774,-6,16,1
FF-0F-B1-94,2494631935,-1190,-218,16716,-7,18,1
FF-0F-B2-94,2494697471,-1180,-188,16720,-7,18,1
FF-0F-B3-94,2494763007,-1224,-232,16768,-5,16,0
FF-0F-B4-94,2494828543,-1188,-206,16728,-5,16,0
FF-0F-B5-94,2494894079,-1212,-232,16734,-7,16,2
FF-0F-B6-94,2494959615,-1194,-200,16764,-7,16,2
FF-0F-B7-94,2495025151,-1202,-208,16740,-6,16,1
FF-0F-B8-94,2495090687,-1206,-202,16760,-6,16,1
FF-0F-B9-94,2495156223,-1172,-202,16760,-6,17,1
FF-0F-BA-94,2495221759,-1198,-196,16732,-6,17,1
FF-0F-BB-94,2495287295,-1200,-244,16752,-5,16,0
FF-0F-BC-94,2495352831,-1188,-214,16844,-5,16,0
FF-0F-BD-94,2495418367,-1200,-188,16704,-6,15,1
FF-0F-BE-94,2495483903,-1220,-236,16722,-6,15,1
FF-0F-BF-94,2495549439,-1206,-218,16808,-6,16,0
FF-0F-C0-94,2495614975,-1190,-226,16706,-6,16,0
FF-0F-C1-94,2495680511,-1222,-230,16752,-6,16,1
FF-0F-C2-94,2495746047,-1162,-208,16806,-6,16,1
FF-0F-C3-94,2495811583,-1184,-182,16700,-6,16,1
FF-0F-C4-94,2495877119,-1188,-252,16744,-5,16,0
FF-0F-C5-94,2495942655,-1212,-150,16794,-5,16,0
FF-0F-C6-94,2496008191,-1188,-208,16690,-6,17,0
FF-0F-C7-94,2496073727,-1212,-250,16756,-6,17,0
FF-0F-C8-94,2496139263,-1146,-232,16758,-6,16,1
FF-0F-C9-94,2496204799,-1210,-192,16718,-6,16,1
FF-0F-CA-94,2496270335,-1190,-218,16764,-6,16,1
FF-0F-CB-94,2496335871,-1184,-244,16776,-6,16,1
FF-0F-CC-94,2496401407,-1210,-276,16686,-5,15,1
FF-0F-CD-94,2496466943,-1222,-280,16788,-5,15,1
FF-0F-CE-94,2496532479,-1214,-226,16768,-6,14,1
FF-0F-CF-94,2496598015,-1136,-200,16704,-6,14,1
FF-0F-D0-94,2496663551,-1210,-208,16810,-5,16,1
FF-0F-D1-94,2496729087,-1180,-226,16818,-5,16,1
FF-0F-D2-94,2496794623,-1206,-208,16686,-5,16,1
FF-0F-D3-94,2496860159,-1212,-258,16804,-5,16,1
FF-0F-D4-94,2496925695,-1220,-200,16762,-7,16,1
FF-0F-D5-94,2496991231,-1242,-220,16704,-7,16,1
FF-0F-D6-94,2497056767,-1174,-236,16770,-5,15,0
FF-0F-D7-94,2497122303,-1202,-192,16760,-5,15,0
FF-0F-D8-94,2497187839,-1208,-202,16736,-7,16,0
FF-0F-D9-94,2497253375,-1194,-220,16802,-7,16,0
FF-0F-DA-94,2497318911,-1168,-246,16768,-7,15,0
FF-0F-DB-94,2497384447,-1212,-230,16708,-7,15,0
FF-0F-DC-94,2497449983,-1232,-242,16826,-7,15,0
FF-0F-DD-94,2497515519,-1166,-218,16752,-6,15,1
FF-0F-DE-94,2497581055,-1206,-202,16728,-6,15,1
FF-0F-DF-94,2497646591,-1180,-250,16816,-6,16,1
FF-0F-E0-94,2497712127,-1206,-212,16734,-6,16,1
FF-0F-E1-94,2497777663,-1238,-236,16692,-5,15,2
FF-0F-E2-94,2497843199,-1168,-224,16786,-5,15,2
FF-0F-E3-94,2497908735,-1184,-212,16698,-6,14,1
FF-0F-E4-94,2497974271,-1214,-230,16688,-6,14,1
FF-0F-E5-94,2498039807,-1194,-220,16822,-5,15,0
FF-0F-E6-94,2498105343,-1166,-186,16726,-5,15,0
FF-0F-E7-94,2498170879,-1222,-206,16680,-6,16,1
FF-0F-E8-94,2498236415,-1228,-200,16756,-6,16,1
FF-0F-E9-94,2498301951,-1232,-178,16734,-5,17,1
FF-0F-EA-94,2498367487,-1216,-230,16738,-5,17,1
FF-0F-EB-94,2498433023,-1176,-212,16864,-6,17,1
FF-0F-EC-94,2498498559,-1148,-214,16698,-6,17,1
FF-0F-ED-94,2498564095,-1222,-212,16744,-5,16,0
FF-0F-EE-94,2498629631,-1212,-252,16786,-5,16,0
FF-0F-EF-94,2498695167,-1166,-230,16704,-5,16,2
FF-0F-F0-94,2498760703,-1212,-224,16774,-5,16,2
FF-0F-F1-94,2498826239,-1202,-250,16766,-6,17,0
FF-0F-F2-94,2498891775,-1238,-226,16668,-6,17,0
FF-0F-F3-94,2498957311,-1212,-212,16740,-6,17,0
FF-0F-F4-94,2499022847,-1200,-224,16844,-5,17,1
FF-0F-F5-94,2499088383,-1168,-212,16744,-5,17,1
FF-0F-F6-94,2499153919,-1216,-266,16694,-5,16,0
FF-0F-F7-94,2499219455,-1228,-230,16750,-5,16,0
FF-0F-F8-94,2499284991,-1220,-226,16738,-6,16,1
FF-0F-F9-94,2499350527,-1190,-244,16704,-6,16,1
FF-0F-FA-94,2499416063,-1248,-202,16772,-5,16,1
FF-0F-FB-94,2499481599,-1210,-178,16716,-5,16,1
FF-0F-FC-94,2499547135,-1162,-220,16788,-5,16,0
FF-0F-FD-94,2499612671,-1190,-214,16760,-5,16,0
FF-0F-FE-94,2499678207,-1194,-262,16726,-5,17,1
FF-0F-FF-94,2499743743,-1220,-242,16724,-5,17,1
FF-0F-00-95,2499809279,-1222,-214,16816,-5,17,-1
FF-0F-01-95,2499874815,-1200,-206,16674,-5,17,-1
FF-0F-02-95,2499940351,-1200,-220,16696,-6,16,0
FF-0F-03-95,2500005887,-1206,-232,16764,-6,16,0
FF-0F-04-95,2500071423,-1212,-246,16712,-6,15,1
FF-0F-05-95,2500136959,-1190,-214,16766,-6,15,1
FF-0F-06-95,2500202495,-1190,-208,16776,-7,14,1
FF-0F-07-95,2500268031,-1212,-202,16694,-7,14,1
FF-0F-08-95,2500333567,-1212,-192,16738,-5,15,1
FF-0F-09-95,2500399103,-1178,-200,16788,-5,15,1
FF-0F-0A-95,2500464639,-1174,-152,16694,-7,14,1
FF-0F-0B-95,2500530175,-1238,-214,16722,-7,14,1
FF-0F-0C-95,2500595711,-1180,-212,16804,-7,14,1
FF-0F-0D-95,2500661247,-1206,-206,16688,-5,15,1
FF-0F-0E-95,2500726783,-1254,-176,16770,-5,15,1
FF-0F-0F-95,2500792319,-1172,-206,16786,-5,16,0
FF-0F-10-95,2500857855,-1190,-224,16660,-5,16,0
FF-0F-11-95,2500923391,-1190,-242,16744,-6,16,0
FF-0F-12-95,2500988927,-1198,-226,16766,-6,16,0
FF-0F-13-95,2501054463,-1194,-252,16698,-6,16,1
FF-0F-14-95,2501119999,-1232,-226,16804,-6,16,1
FF-0F-15-95,2501185535,-1202,-226,16750,-5,16,1
FF-0F-16-95,2501251071,-1220,-206,16708,-5,16,1
FF-0F-17-95,2501316607,-1206,-196,16764,-5,16,0
FF-0F-18-95,2501382143,-1168,-212,16776,-5,16,0
FF-0F-19-95,2501447679,-1188,-230,16716,-6,16,1
FF-0F-1A-95,2501513215,-1198,-238,16794,-6,16,1
FF-0F-1B-95,2501578751,-1200,-238,16748,-6,15,0
FF-0F-1C-95,2501644287,-1148,-178,16726,-6,15,0
FF-0F-1D-95,2501709823,-1222,-246,16774,-4,15,1
FF-0F-1E-95,2501775359,-1206,-214,16740,-4,15,1
FF-0F-1F-95,2501840895,-1228,-206,16688,-6,13,1
FF-0F-20-95,2501906431,-1206,-242,16782,-6,13,1
FF-0F-21-95,2501971967,-1172,-202,16734,-4,16,0
FF-0F-22-95,2502037503,-1198,-218,16710,-4,16,0
FF-0F-23-95,2502103039,-1210,-218,16756,-6,16,0
FF-0F-24-95,2502168575,-1178,-178,16762,-6,16,0
FF-0F-25-95,2502234111,-1190,-168,16688,-6,16,0
FF-0F-26-95,2502299647,-1206,-242,16772,-5,17,0
FF-0F-27-95,2502365183,-1184,-242,16726,-5,17,0
FF-0F-28-95,2502430719,-1216,-244,16698,-6,15,1
FF-0F-29-95,2502496255,-1198,-196,16812,-6,15,1
FF-0F-2A-95,2502561791,-1228,-242,16732,-5,16,0
FF-0F-2B-95,2502627327,-1220,-206,16740,-5,16,0
FF-0F-2C-95,2502692863,-1224,-226,16812,-6,16,0
FF-0F-2D-95,2502758399,-1190,-206,16750,-6,16,0
FF-0F-2E-95,2502823935,-1200,-192,16738,-6,16,1
FF-0F-2F-95,2502889471,-1220,-244,16760,-6,16,1
FF-0F-30-95,2502955007,-1166,-224,16716,-7,17,2
FF-0F-31-95,2503020543,-1238,-182,16764,-7,17,2
FF-0F-32-95,2503086079,-1228,-226,16798,-5,16,0
FF-0F-33-95,2503151615,-1220,-194,16784,-5,16,0
FF-0F-34-95,2503217151,-1222,-224,16688,-7,15,0
FF-0F-35-95,2503282687,-1212,-194,16812,-7,15,0
FF-0F-36-95,2503348223,-1224,-246,16744,-6,15,1
FF-0F-37-95,2503413759,-1190,-220,16690,-6,15,1
FF-0F-38-95,2503479295,-1178,-230,16764,-5,16,1
FF-0F-39-95,2503544831,-1174,-170,16808,-5,16,1
FF-0F-3A-95,2503610367,-1220,-256,16738,-6,15,1
FF-0F-3B-95,2503675903,-1200,-206,16804,-6,15,1
FF-0F-3C-95,2503741439,-1178,-230,16736,-5,16,1
FF-0F-3D-95,2503806975,-1206,-246,16750,-5,16,1
FF-0F-3E-95,2503872511,-1202,-202,16812,-5,16,1
FF-0F-3F-95,2503938047,-1198,-218,16700,-6,16,1
FF-0F-40-95,2504003583,-1202,-230,16746,-6,16,1
FF-0F-41-95,2504069119,-1242,-208,16836,-6,16,2
FF-0F-42-95,2504134655,-1190,-186,16760,-6,16,2
FF-0F-43-95,2504200191,-1216,-266,16746,-6,16,1
FF-0F-44-95,2504265727,-1200,-226,16780,-6,16,1
FF-0F-45-95,2504331263,-1224,-290,16744,-6,17,2
FF-0F-46-95,2504396799,-1194,-212,16702,-6,17,2
FF-0F-47-95,2504462335,-1200,-220,16826,-6,17,1
FF-0F-48-95,2504527871,-1188,-164,16716,-6,17,1
FF-0F-49-95,2504593407,-1238,-244,16758,-6,17,1
FF-0F-4A-95,2504658943,-1228,-230,16852,-6,17,1
FF-0F-4B-95,2504724479,-1178,-196,16726,-6,17,1
FF-0F-4C-95,2504790015,-1198,-212,16780,-6,17,1
FF-0F-4D-95,2504855551,-1156,-188,16804,-6,16,1
FF-0F-4E-95,2504921087,-1206,-236,16684,-6,16,1
FF-0F-4F-95,2504986623,-1198,-214,16728,-7,16,1
FF-0F-50-95,2505052159,-1202,-242,16796,-7,16,1
FF-0F-51-95,2505117695,-1180,-192,16730,-5,16,1
FF-0F-52-95,2505183231,-1216,-218,16668,-5,16,1
FF-0F-53-95,2505248767,-1212,-268,16784,-6,17,2
FF-0F-54-95,2505314303,-1206,-238,16704,-6,17,2
FF-0F-55-95,2505379839,-1210,-192,16804,-6,17,2
FF-0F-56-95,2505445375,-1216,-182,16792,-5,15,0
FF-0F-57-95,2505510911,-1188,-242,16746,-5,15,0
FF-0F-58-95,2505576447,-1210,-232,16740,-4,16,1
FF-0F-59-95,2505641983,-1216,-232,16764,-4,16,1
FF-0F-5A-95,2505707519,-1190,-212,16716,-5,17,1
FF-0F-5B-95,2505773055,-1228,-252,16728,-5,17,1
FF-0F-5C-95,2505838591,-1200,-252,16780,-6,16,0
FF-0F-5D-95,2505904127,-1220,-212,16704,-6,16,0
FF-0F-5E-95,2505969663,-1198,-226,16764,-6,16,2
FF-0F-5F-95,2506035199,-1190,-238,16838,-6,16,2
FF-0F-60-95,2506100735,-1182,-200,16690,-5,15,1
FF-0F-61-95,2506166271,-1156,-266,16712,-5,15,1
FF-0F-62-95,2506231807,-1152,-258,16760,-6,17,1
FF-0F-63-95,2506297343,-1158,-148,16638,-6,17,1
FF-0F-64-95,2506362879,-1210,-274,16798,-5,16,0
FF-0F-65-95,2506428415,-1244,-208,16730,-5,16,0
FF-0F-66-95,2506493951,-1228,-250,16662,-5,16,1
FF-0F-67-95,2506559487,-1194,-246,16756,-5,16,1
FF-0F-68-95,2506625023,-1156,-256,16786,-6,16,1
FF-0F-69-95,2506690559,-1220,-214,16688,-6,16,1
FF-0F-6A-95,2506756095,-1212,-226,16744,-6,18,0
FF-0F-6B-95,2506821631,-1188,-178,16746,-6,18,0
FF-0F-6C-95,2506887167,-1194,-232,16752,-6,17,0
FF-0F-6D-95,2506952703,-1212,-206,16744,-6,17,0
FF-0F-6E-95,2507018239,-1220,-208,16770,-6,17,0
FF-0F-6F-95,2507083775,-1222,-200,16790,-6,16,2
FF-0F-70-95,2507149311,-1210,-224,16786,-6,16,2
FF-0F-71-95,2507214847,-1184,-226,16812,-6,15,1
FF-0F-72-95,2507280383,-1190,-242,16688,-6,15,1
FF-0F-73-95,2507345919,-1180,-226,16796,-6,15,0
FF-0F-74-95,2507411455,-1198,-226,16750,-6,15,0
FF-0F-75-95,2507476991,-1218,-246,16744,-5,15,0
FF-0F-76-95,2507542527,-1184,-246,16786,-5,15,0
FF-0F-77-95,2507608063,-1232,-208,16740,-6,14,1
FF-0F-78-95,2507673599,-1210,-194,16698,-6,14,1
FF-0F-79-95,2507739135,-1180,-206,16776,-5,16,1
FF-0F-7A-95,2507804671,-1216,-202,16758,-5,16,1
FF-0F-7B-95,2507870207,-1172,-258,16690,-6,16,1
FF-0F-7C-95,2507935743,-1212,-252,16808,-6,16,1
FF-0F-7D-95,2508001279,-1232,-238,16746,-6,17,0
FF-0F-7E-95,2508066815,-1168,-218,16718,-6,17,0
FF-0F-7F-95,2508132351,-1172,-224,16766,-6,15,1
FF-0F-80-95,2508197887,-1254,-194,16752,-6,15,1
FF-0F-81-95,2508263423,-1228,-276,16722,-5,16,0
FF-0F-82-95,2508328959,-1194,-194,16764,-5,16,0
FF-0F-83-95,2508394495,-1198,-218,16722,-6,16,2
FF-0F-84-95,2508460031,-1162,-232,16748,-6,16,2
FF-0F-85-95,2508525567,-1188,-266,16810,-5,16,1
FF-0F-86-95,2508591103,-1178,-218,16780,-5,16,1
FF-0F-87-95,2508656639,-1222,-186,16744,-5,16,1
FF-0F-88-95,2508722175,-1216,-238,16744,-5,16,2
FF-0F-89-95,2508787711,-1206,-188,16728,-5,16,2
FF-0F-8A-95,2508853247,-1202,-232,16748,-7,16,0
FF-0F-8B-95,2508918783,-1156,-220,16784,-7,16,0
FF-0F-8C-95,2508984319,-1190,-224,16740,-5,17,0
FF-0F-8D-95,2509049855,-1190,-194,16702,-5,17,0
FF-0F-8E-95,2509115391,-1172,-206,16786,-5,17,0
FF-0F-8F-95,2509180927,-1190,-192,16766,-5,17,0
FF-0F-90-95,2509246463,-1206,-244,16760,-5,16,0
FF-0F-91-95,2509311999,-1222,-194,16718,-5,16,0
FF-0F-92-95,2509377535,-1198,-206,16738,-5,16,1
FF-0F-93-95,2509443071,-1216,-208,16776,-5,16,1
FF-0F-94-95,2509508607,-1180,-212,16786,-5,17,0
FF-0F-95-95,2509574143,-1198,-244,16636,-5,17,0
FF-0F-96-95,2509639679,-1178,-232,16756,-6,16,1
FF-0F-97-95,2509705215,-1200,-258,16818,-6,16,1
FF-0F-98-95,2509770751,-1162,-206,16700,-6,17,1
FF-0F-99-95,2509836287,-1200,-238,16746,-6,17,1
FF-0F-9A-95,2509901823,-1224,-208,16848,-6,16,1
FF-0F-9B-95,2509967359,-1222,-252,16706,-6,16,1
FF-0F-9C-95,2510032895,-1216,-200,16818,-6,16,1
FF-0F-9D-95,2510098431,-1200,-208,16756,-6,16,1
FF-0F-9E-95,2510163967,-1198,-258,16668,-6,17,1
FF-0F-9F-95,2510229503,-1148,-224,16796,-6,17,1
FF-0F-A0-95,2510295039,-1174,-236,16770,-6,17,1
FF-0F-A1-95,2510360575,-1224,-202,16680,-5,16,0
FF-0F-A2-95,2510426111,-1222,-250,16742,-5,16,0
FF-0F-A3-95,2510491647,-1200,-220,16760,-5,15,0
FF-0F-A4-95,2510557183,-1188,-220,16734,-5,15,0
FF-0F-A5-95,2510622719,-1222,-232,16774,-6,17,0
FF-0F-A6-95,2510688255,-1224,-208,16734,-6,17,0
FF-0F-A7-95,2510753791,-1168,-206,16740,-6,16,0
FF-0F-A8-95,2510819327,-1222,-208,16772,-6,16,0
FF-0F-A9-95,2510884863,-1166,-250,16748,-6,16,1
FF-0F-AA-95,2510950399,-1198,-186,16716,-6,16,1
FF-0F-AB-95,2511015935,-1222,-226,16794,-4,17,2
FF-0F-AC-95,2511081471,-1198,-200,16746,-4,17,2
FF-0F-AD-95,2511147007,-1200,-226,16756,-6,16,0
FF-0F-AE-95,2511212543,-1198,-236,16804,-6,16,0
FF-0F-AF-95,2511278079,-1228,-208,16728,-6,16,0
FF-0F-B0-95,2511343615,-1198,-266,16660,-6,16,0
FF-0F-B1-95,2511409151,-1228,-252,16770,-6,16,1
FF-0F-B2-95,2511474687,-1216,-242,16744,-6,16,1
FF-0F-B3-95,2511540223,-1228,-202,16722,-5,17,1
FF-0F-B4-95,2511605759,-1202,-226,16746,-5,17,1
FF-0F-B5-95,2511671295,-1198,-206,16782,-5,15,0
FF-0F-B6-95,2511736831,-1228,-226,16726,-5,15,0
FF-0F-B7-95,2511802367,-1212,-250,16780,-7,17,1
FF-0F-B8-95,2511867903,-1228,-250,16702,-7,17,1
FF-0F-B9-95,2511933439,-1172,-244,16688,-7,17,1
FF-0F-BA-95,2511998975,-1166,-230,16808,-6,16,-1
FF-0F-BB-95,2512064511,-1188,-194,16752,-6,16,-1
FF-0F-BC-95,2512130047,-1184,-230,16708,-6,16,0
FF-0F-BD-95,2512195583,-1194,-208,16786,-6,16,0
FF-0F-BE-95,2512261119,-1200,-170,16816,-6,15,1
FF-0F-BF-95,2512326655,-1222,-268,16742,-6,15,1
FF-0F-C0-95,2512392191,-1190,-194,16866,-6,15,0
FF-0F-C1-95,2512457727,-1198,-192,16708,-6,15,0
FF-0F-C2-95,2512523263,-1222,-186,16702,-6,16,1
FF-0F-C3-95,2512588799,-1174,-256,16812,-6,16,1
FF-0F-C4-95,2512654335,-1210,-164,16704,-5,16,1
FF-0F-C5-95,2512719871,-1228,-226,16722,-5,16,1
FF-0F-C6-95,2512785407,-1184,-244,16746,-6,17,1
FF-0F-C7-95,2512850943,-1198,-186,16692,-6,17,1
FF-0F-C8-95,2512916479,-1180,-232,16734,-6,16,1
FF-0F-C9-95,2512982015,-1190,-206,16842,-6,16,1
FF-0F-CA-95,2513047551,-1170,-244,16710,-7,17,1
FF-0F-CB-95,2513113087,-1190,-214,16726,-7,17,1
FF-0F-CC-95,2513178623,-1202,-202,16848,-5,16,1
FF-0F-CD-95,2513244159,-1220,-214,16748,-5,16,1
FF-0F-CE-95,2513309695,-1212,-220,16766,-6,15,1
FF-0F-CF-95,2513375231,-1206,-246,16782,-6,15,1
FF-0F-D0-95,2513440767,-1216,-192,16726,-6,16,2
FF-0F-D1-95,2513506303,-1206,-258,16750,-6,16,2
FF-0F-D2-95,2513571839,-1228,-212,16780,-6,16,2
FF-0F-D3-95,2513637375,-1182,-258,16718,-6,17,1
FF-0F-D4-95,2513702911,-1188,-220,16722,-6,17,1
FF-0F-D5-95,2513768447,-1198,-242,16788,-7,17,2
FF-0F-D6-95,2513833983,-1174,-212,16732,-7,17,2
FF-0F-D7-95,2513899519,-1216,-212,16698,-7,17,1
FF-0F-D8-95,2513965055,-1200,-202,16798,-7,17,1
FF-0F-D9-95,2514030591,-1212,-208,16778,-5,17,1
FF-0F-DA-95,2514096127,-1244,-176,16704,-5,17,1
FF-0F-DB-95,2514161663,-1156,-232,16774,-7,17,1
FF-0F-DC-95,2514227199,-1168,-246,16736,-7,17,1
FF-0F-DD-95,2514292735,-1206,-214,16752,-6,16,2
FF-0F-DE-95,2514358271,-1232,-224,16836,-6,16,2
FF-0F-DF-95,2514423807,-1192,-176,16682,-6,17,1
FF-0F-E0-95,2514489343,-1234,-206,16756,-6,17,1
FF-0F-E1-95,2514554879,-1180,-220,16726,-5,16,2
FF-0F-E2-95,2514620415,-1188,-236,16734,-5,16,2
FF-0F-E3-95,2514685951,-1224,-230,16776,-6,16,1
FF-0F-E4-95,2514751487,-1200,-212,16752,-6,16,1
FF-0F-E5-95,2514817023,-1216,-224,16752,-5,17,1
FF-0F-E6-95,2514882559,-1178,-236,16750,-5,17,1
FF-0F-E7-95,2514948095,-1216,-186,16764,-6,17,2
FF-0F-E8-95,2515013631,-1188,-246,16688,-6,17,2
FF-0F-E9-95,2515079167,-1194,-206,16774,-6,17,2
FF-0F-EA-95,2515144703,-1180,-212,16792,-7,17,1
FF-0F-EB-95,2515210239,-1198,-224,16732,-7,17,1
FF-0F-EC-95,2515275775,-1184,-214,16746,-5,16,1
FF-0F-ED-95,2515341311,-1184,-200,16794,-5,16,1
FF-0F-EE-95,2515406847,-1190,-212,16724,-5,17,1
FF-0F-EF-95,2515472383,-1158,-224,16788,-5,17,1
FF-0F-F0-95,2515537919,-1200,-236,16740,-5,17,2
FF-0F-F1-95,2515603455,-1190,-224,16730,-5,17,2
FF-0F-F2-95,2515668991,-1212,-266,16736,-6,16,0
FF-0F-F3-95,2515734527,-1194,-212,16806,-6,16,0
FF-0F-F4-95,2515800063,-1220,-212,16696,-6,17,2
FF-0F-F5-95,2515865599,-1198,-256,16770,-6,17,2
FF-0F-F6-95,2515931135,-1184,-236,16788,-4,17,3
FF-0F-F7-95,2515996671,-1192,-218,16712,-4,17,3
FF-0F-F8-95,2516062207,-1238,-194,16814,-6,16,1
FF-0F-F9-95,2516127743,-1184,-242,16790,-6,16,1
FF-0F-FA-95,2516193279,-1186,-196,16718,-6,17,2
FF-0F-FB-95,2516258815,-1180,-268,16804,-6,17,2
FF-0F-FC-95,2516324351,-1212,-176,16750,-5,18,3
FF-0F-FD-95,2516389887,-1190,-196,16728,-5,18,3
FF-0F-FE-95,2516455423,-1172,-250,16844,-6,16,1
FF-0F-FF-95,2516520959,-1134,-232,16746,-6,16,1
FF-0F-00-96,2516586495,-1184,-244,16728,-6,16,1
FF-0F-01-96,2516652031,-1232,-214,16780,-6,16,1
FF-0F-02-96,2516717567,-1198,-194,16776,-6,16,1
FF-0F-03-96,2516783103,-1200,-182,16696,-7,16,2
FF-0F-04-96,2516848639,-1190,-178,16770,-7,16,2
FF-0F-05-96,2516914175,-1180,-236,16770,-5,16,1
FF-0F-06-96,2516979711,-1178,-252,16674,-5,16,1
FF-0F-07-96,2517045247,-1198,-226,16760,-7,15,1
FF-0F-08-96,2517110783,-1212,-186,16754,-7,15,1
FF-0F-09-96,2517176319,-1198,-212,16728,-4,17,2
FF-0F-0A-96,2517241855,-1174,-220,16726,-4,17,2
FF-0F-0B-96,2517307391,-1148,-208,16732,-6,16,0
FF-0F-0C-96,2517372927,-1222,-256,16740,-6,16,0
FF-0F-0D-96,2517438463,-1220,-286,16788,-7,16,0
FF-0F-0E-96,2517503999,-1210,-206,16752,-7,16,0
FF-0F-0F-96,2517569535,-1202,-246,16702,-5,18,1
FF-0F-10-96,2517635071,-1188,-214,16780,-5,18,1
FF-0F-11-96,2517700607,-1178,-212,16750,-5,17,1
FF-0F-12-96,2517766143,-1152,-244,16746,-5,17,1
FF-0F-13-96,2517831679,-1136,-262,16810,-7,15,2
FF-0F-14-96,2517897215,-1212,-226,16744,-7,15,2
FF-0F-15-96,2517962751,-1234,-218,16762,-6,18,2
FF-0F-16-96,2518028287,-1200,-226,16734,-6,18,2
FF-0F-17-96,2518093823,-1172,-186,16760,-5,17,1
FF-0F-18-96,2518159359,-1180,-238,16696,-5,17,1
FF-0F-19-96,2518224895,-1168,-232,16828,-6,16,0
FF-0F-1A-96,2518290431,-1178,-176,16760,-6,16,0
FF-0F-1B-96,2518355967,-1244,-236,16734,-6,16,0
FF-0F-1C-96,2518421503,-1184,-258,16784,-5,16,-1
FF-0F-1D-96,2518487039,-1184,-226,16704,-5,16,-1
FF-0F-1E-96,2518552575,-1156,-196,16740,-5,16,0
FF-0F-1F-96,2518618111,-1190,-206,16772,-5,16,0
FF-0F-20-96,2518683647,-1212,-206,16698,-5,17,1
FF-0F-21-96,2518749183,-1198,-244,16700,-5,17,1
FF-0F-22-96,2518814719,-1174,-246,16812,-7,17,2
FF-0F-23-96,2518880255,-1158,-202,16698,-7,17,2
FF-0F-24-96,2518945791,-1220,-226,16712,-5,17,2
FF-0F-25-96,2519011327,-1198,-218,16802,-5,17,2
FF-0F-26-96,2519076863,-1202,-194,16660,-5,17,2
FF-0F-27-96,2519142399,-1212,-262,16688,-5,17,2
FF-0F-28-96,2519207935,-1234,-244,16770,-7,16,2
FF-0F-29-96,2519273471,-1216,-214,16734,-7,16,2
FF-0F-2A-96,2519339007,-1190,-230,16712,-6,17,1
FF-0F-2B-96,2519404543,-1174,-188,16826,-6,17,1
FF-0F-2C-96,2519470079,-1216,-170,16764,-5,16,2
FF-0F-2D-96,2519535615,-1198,-270,16746,-5,16,2
FF-0F-2E-96,2519601151,-1202,-270,16748,-6,15,1
FF-0F-2F-96,2519666687,-1206,-232,16666,-6,15,1
FF-0F-30-96,2519732223,-1182,-246,16736,-5,17,1
FF-0F-31-96,2519797759,-1194,-194,16824,-5,17,1
FF-0F-32-96,2519863295,-1220,-170,16692,-5,17,1
FF-0F-33-96,2519928831,-1190,-196,16788,-5,17,1
FF-0F-34-96,2519994367,-1198,-192,16832,-5,17,1
FF-0F-35-96,2520059903,-1194,-250,16686,-5,17,0
FF-0F-36-96,2520125439,-1250,-270,16746,-5,17,0
FF-0F-37-96,2520190975,-1222,-202,16752,-5,17,2
FF-0F-38-96,2520256511,-1190,-138,16724,-5,17,2
FF-0F-39-96,2520322047,-1206,-212,16746,-5,18,0
FF-0F-3A-96,2520387583,-1218,-206,16766,-5,18,0
FF-0F-3B-96,2520453119,-1200,-236,16708,-8,16,2
FF-0F-3C-96,2520518655,-1194,-256,16762,-8,16,2
FF-0F-3D-96,2520584191,-1216,-226,16770,-5,17,1
FF-0F-3E-96,2520649727,-1212,-194,16664,-5,17,1
FF-0F-3F-96,2520715263,-1210,-218,16740,-6,17,2
FF-0F-40-96,2520780799,-1206,-172,16762,-6,17,2
FF-0F-41-96,2520846335,-1190,-168,16734,-5,15,2
FF-0F-42-96,2520911871,-1146,-220,16770,-5,15,2
FF-0F-43-96,2520977407,-1224,-244,16804,-7,17,1
FF-0F-44-96,2521042943,-1210,-258,16708,-7,17,1
FF-0F-45-96,2521108479,-1184,-206,16764,-5,16,2
FF-0F-46-96,2521174015,-1184,-148,16788,-5,16,2
FF-0F-47-96,2521239551,-1156,-244,16712,-6,16,3
FF-0F-48-96,2521305087,-1190,-238,16796,-6,16,3
FF-0F-49-96,2521370623,-1198,-258,16792,-6,17,1
FF-0F-4A-96,2521436159,-1188,-202,16728,-6,17,1
FF-0F-4B-96,2521501695,-1180,-230,16728,-6,17,1
FF-0F-4C-96,2521567231,-1210,-182,16766,-5,16,1
FF-0F-4D-96,2521632767,-1200,-194,16710,-5,16,1
FF-0F-4E-96,2521698303,-1200,-200,16808,-6,16,0
FF-0F-4F-96,2521763839,-1174,-236,16754,-6,16,0
FF-0F-50-96,2521829375,-1216,-230,16704,-6,17,2
FF-0F-51-96,2521894911,-1206,-208,16792,-6,17,2
FF-0F-52-96,2521960447,-1156,-218,16742,-7,18,2
FF-0F-53-96,2522025983,-1184,-176,16704,-7,18,2
FF-0F-54-96,2522091519,-1184,-274,16798,-5,16,2
FF-0F-55-96,2522157055,-1212,-208,16760,-5,16,2
FF-0F-56-96,2522222591,-1186,-250,16706,-6,16,1
FF-0F-57-96,2522288127,-1222,-244,16756,-6,16,1
FF-0F-58-96,2522353663,-1194,-258,16726,-6,16,1
FF-0F-59-96,2522419199,-1200,-186,16724,-6,16,1
FF-0F-5A-96,2522484735,-1194,-202,16788,-6,16,2
FF-0F-5B-96,2522550271,-1178,-200,16752,-6,16,2
FF-0F-5C-96,2522615807,-1200,-202,16726,-5,16,2
FF-0F-5D-96,2522681343,-1190,-288,16776,-5,16,2
FF-0F-5E-96,2522746879,-1232,-186,16744,-5,17,2
FF-0F-5F-96,2522812415,-1206,-226,16752,-5,17,2
FF-0F-60-96,2522877951,-1166,-182,16846,-4,16,1
FF-0F-61-96,2522943487,-1210,-258,16726,-4,16,1
FF-0F-62-96,2523009023,-1224,-206,16742,-7,17,1
FF-0F-63-96,2523074559,-1210,-212,16804,-7,17,1
FF-0F-64-96,2523140095,-1206,-200,16772,-7,17,1
FF-0F-65-96,2523205631,-1250,-226,16690,-5,16,1
FF-0F-66-96,2523271167,-1202,-226,16744,-5,16,1
FF-0F-67-96,2523336703,-1166,-128,16756,-6,17,1
FF-0F-68-96,2523402239,-1172,-214,16716,-6,17,1
FF-0F-69-96,2523467775,-1194,-230,16790,-5,16,1
FF-0F-6A-96,2523533311,-1194,-206,16744,-5,16,1
FF-0F-6B-96,2523598847,-1210,-212,16738,-6,17,0
FF-0F-6C-96,2523664383,-1232,-238,16832,-6,17,0
FF-0F-6D-96,2523729919,-1162,-200,16768,-6,16,1
FF-0F-6E-96,2523795455,-1194,-246,16720,-6,16,1
FF-0F-6F-96,2523860991,-1206,-206,16800,-5,16,1
FF-0F-70-96,2523926527,-1212,-182,16758,-5,16,1
FF-0F-71-96,2523992063,-1198,-214,16728,-6,17,1
FF-0F-72-96,2524057599,-1202,-200,16796,-6,17,1
FF-0F-73-96,2524123135,-1198,-220,16662,-6,15,2
FF-0F-74-96,2524188671,-1198,-274,16788,-6,15,2
FF-0F-75-96,2524254207,-1168,-238,16808,-4,16,1
FF-0F-76-96,2524319743,-1188,-150,16680,-4,16,1
FF-0F-77-96,2524385279,-1242,-208,16728,-4,16,0
FF-0F-78-96,2524450815,-1220,-202,16752,-4,16,0
FF-0F-79-96,2524516351,-1202,-236,16716,-7,16,0
FF-0F-7A-96,2524581887,-1222,-226,16734,-7,16,0
FF-0F-7B-96,2524647423,-1206,-218,16788,-6,15,0
FF-0F-7C-96,2524712959,-1190,-244,16694,-6,15,0
FF-0F-7D-96,2524778495,-1220,-176,16746,-6,15,0
FF-0F-7E-96,2524844031,-1184,-250,16810,-5,16,0
FF-0F-7F-96,2524909567,-1212,-226,16664,-5,16,0
FF-0F-80-96,2524975103,-1232,-250,16726,-7,16,1
FF-0F-81-96,2525040639,-1198,-220,16746,-7,16,1
FF-0F-82-96,2525106175,-1188,-206,16738,-6,16,1
FF-0F-83-96,2525171711,-1232,-262,16822,-6,16,1
FF-0F-84-96,2525237247,-1202,-200,16812,-7,16,0
FF-0F-85-96,2525302783,-1188,-208,16678,-7,16,0
FF-0F-86-96,2525368319,-1194,-250,16760,-6,17,2
FF-0F-87-96,2525433855,-1220,-206,16772,-6,17,2
FF-0F-88-96,2525499391,-1184,-206,16696,-5,16,1
FF-0F-89-96,2525564927,-1224,-250,16804,-5,16,1
FF-0F-8A-96,2525630463,-1158,-224,16776,-5,16,1
FF-0F-8B-96,2525695999,-1188,-224,16690,-5,16,1
FF-0F-8C-96,2525761535,-1216,-244,16738,-5,17,1
FF-0F-8D-96,2525827071,-1200,-262,16740,-5,17,1
FF-0F-8E-96,2525892607,-1162,-226,16680,-6,17,1
FF-0F-8F-96,2525958143,-1210,-206,16788,-6,17,1
FF-0F-90-96,2526023679,-1136,-206,16786,-6,17,1
FF-0F-91-96,2526089215,-1216,-194,16682,-6,17,1
FF-0F-92-96,2526154751,-1222,-274,16722,-7,16,1
FF-0F-93-96,2526220287,-1180,-208,16752,-7,16,1
FF-0F-94-96,2526285823,-1180,-238,16762,-5,17,1
FF-0F-95-96,2526351359,-1206,-194,16790,-5,17,1
FF-0F-96-96,2526416895,-1168,-236,16710,-5,17,1
FF-0F-97-96,2526482431,-1202,-192,16646,-6,16,0
FF-0F-98-96,2526547967,-1188,-202,16772,-6,16,0
FF-0F-99-96,2526613503,-1154,-224,16760,-5,17,2
FF-0F-9A-96,2526679039,-1200,-212,16652,-5,17,2
FF-0F-9B-96,2526744575,-1210,-252,16770,-6,16,1
FF-0F-9C-96,2526810111,-1188,-168,16770,-6,16,1
FF-0F-9D-96,2526875647,-1184,-220,16700,-5,18,1
FF-0F-9E-96,2526941183,-1210,-208,16812,-5,18,1
FF-0F-9F-96,2527006719,-1210,-194,16746,-6,16,2
FF-0F-A0-96,2527072255,-1202,-212,16722,-6,16,2
FF-0F-A1-96,2527137791,-1194,-208,16830,-6,16,1
FF-0F-A2-96,2527203327,-1198,-208,16804,-6,16,1
FF-0F-A3-96,2527268863,-1202,-202,16678,-6,15,1
FF-0F-A4-96,2527334399,-1194,-236,16800,-6,15,1
FF-0F-A5-96,2527399935,-1202,-212,16736,-5,15,2
FF-0F-A6-96,2527465471,-1188,-250,16738,-5,15,2
FF-0F-A7-96,2527531007,-1188,-218,16732,-6,16,1
FF-0F-A8-96,2527596543,-1216,-244,16718,-6,16,1
FF-0F-A9-96,2527662079,-1222,-256,16746,-5,17,2
FF-0F-AA-96,2527727615,-1202,-212,16788,-5,17,2
FF-0F-AB-96,2527793151,-1140,-170,16678,-7,17,2
FF-0F-AC-96,2527858687,-1206,-212,16718,-7,17,2
FF-0F-AD-96,2527924223,-1222,-262,16780,-6,17,0
FF-0F-AE-96,2527989759,-1184,-212,16680,-6,17,0
FF-0F-AF-96,2528055295,-1250,-246,16742,-6,17,0
FF-0F-B0-96,2528120831,-1200,-212,16860,-6,17,1
FF-0F-B1-96,2528186367,-1172,-220,16736,-6,17,1
FF-0F-B2-96,2528251903,-1180,-208,16748,-6,16,1
FF-0F-B3-96,2528317439,-1144,-236,16828,-6,16,1
FF-0F-B4-96,2528382975,-1202,-178,16684,-6,15,1
FF-0F-B5-96,2528448511,-1280,-266,16684,-6,15,1
FF-0F-B6-96,2528514047,-1206,-236,16734,-6,16,0
FF-0F-B7-96,2528579583,-1232,-152,16734,-6,16,0
FF-0F-B8-96,2528645119,-1184,-218,16776,-3,17,1
FF-0F-B9-96,2528710655,-1168,-186,16746,-3,17,1
FF-0F-BA-96,2528776191,-1184,-220,16696,-6,16,0
FF-0F-BB-96,2528841727,-1212,-252,16706,-6,16,0
FF-0F-BC-96,2528907263,-1168,-250,16786,-6,17,1
FF-0F-BD-96,2528972799,-1216,-212,16722,-6,17,1
FF-0F-BE-96,2529038335,-1192,-202,16772,-5,16,2
FF-0F-BF-96,2529103871,-1260,-218,16760,-5,16,2
FF-0F-C0-96,2529169407,-1166,-186,16668,-5,17,1
FF-0F-C1-96,2529234943,-1200,-242,16682,-5,17,1
FF-0F-C2-96,2529300479,-1172,-252,16774,-7,15,1
FF-0F-C3-96,2529366015,-1222,-258,16710,-7,15,1
FF-0F-C4-96,2529431551,-1242,-212,16760,-5,16,2
FF-0F-C5-96,2529497087,-1224,-182,16816,-5,16,2
FF-0F-C6-96,2529562623,-1242,-176,16680,-5,16,2
FF-0F-C7-96,2529628159,-1180,-250,16734,-4,17,1
FF-0F-C8-96,2529693695,-1190,-262,16784,-4,17,1
FF-0F-C9-96,2529759231,-1198,-224,16706,-5,15,2
FF-0F-CA-96,2529824767,-1260,-218,16750,-5,15,2
FF-0F-CB-96,2529890303,-1232,-214,16788,-4,17,1
FF-0F-CC-96,2529955839,-1156,-218,16694,-4,17,1
FF-0F-CD-96,2530021375,-1156,-224,16780,-5,17,2
FF-0F-CE-96,2530086911,-1162,-268,16788,-5,17,2
FF-0F-CF-96,2530152447,-1210,-242,16690,-7,15,2
FF-0F-D0-96,2530217983,-1216,-258,16756,-7,15,2
FF-0F-D1-96,2530283519,-1238,-182,16784,-5,16,0
FF-0F-D2-96,2530349055,-1146,-194,16698,-5,16,0
FF-0F-D3-96,2530414591,-1156,-196,16720,-7,17,2
FF-0F-D4-96,2530480127,-1202,-246,16796,-7,17,2
FF-0F-D5-96,2530545663,-1216,-218,16716,-6,17,1
FF-0F-D6-96,2530611199,-1188,-236,16760,-6,17,1
FF-0F-D7-96,2530676735,-1148,-256,16700,-6,17,2
FF-0F-D8-96,2530742271,-1180,-236,16686,-6,17,2
FF-0F-D9-96,2530807807,-1180,-250,16784,-4,17,2
FF-0F-DA-96,2530873343,-1228,-178,16712,-4,17,2
FF-0F-DB-96,2530938879,-1200,-220,16708,-6,15,1
FF-0F-DC-96,2531004415,-1216,-250,16784,-6,15,1
FF-0F-DD-96,2531069951,-1190,-230,16746,-5,16,0
FF-0F-DE-96,2531135487,-1202,-208,16700,-5,16,0
FF-0F-DF-96,2531201023,-1174,-232,16720,-5,16,0
FF-0F-E0-96,2531266559,-1200,-244,16774,-6,16,2
FF-0F-E1-96,2531332095,-1212,-214,16736,-6,16,2
FF-0F-E2-96,2531397631,-1166,-256,16808,-5,15,0
FF-0F-E3-96,2531463167,-1180,-176,16670,-5,15,0
FF-0F-E4-96,2531528703,-1248,-256,16674,-6,17,1
FF-0F-E5-96,2531594239,-1242,-212,16806,-6,17,1
FF-0F-E6-96,2531659775,-1168,-176,16692,-5,17,0
FF-0F-E7-96,2531725311,-1210,-262,16652,-5,17,0
FF-0F-E8-96,2531790847,-1184,-242,16816,-6,16,1
FF-0F-E9-96,2531856383,-1188,-232,16732,-6,16,1
FF-0F-EA-96,2531921919,-1242,-206,16732,-7,17,1
FF-0F-EB-96,2531987455,-1222,-188,16808,-7,17,1
FF-0F-EC-96,2532052991,-1188,-208,16716,-7,17,1
FF-0F-ED-96,2532118527,-1220,-220,16754,-7,17,1
FF-0F-EE-96,2532184063,-1184,-200,16802,-5,17,2
FF-0F-EF-96,2532249599,-1202,-232,16758,-5,17,2
FF-0F-F0-96,2532315135,-1200,-214,16728,-5,17,2
FF-0F-F1-96,2532380671,-1232,-218,16832,-5,17,2
FF-0F-F2-96,2532446207,-1228,-214,16720,-7,16,1
FF-0F-F3-96,2532511743,-1202,-258,16676,-7,16,1
FF-0F-F4-96,2532577279,-1228,-230,16836,-5,17,1
FF-0F-F5-96,2532642815,-1168,-330,16842,-5,17,1
FF-0F-F6-96,2532708351,-1244,-224,16710,-5,16,1
FF-0F-F7-96,2532773887,-1188,-170,16848,-5,16,1
FF-0F-F8-96,2532839423,-1206,-186,16656,-5,16,1
FF-0F-F9-96,2532904959,-1224,-266,16710,-6,17,1
FF-0F-FA-96,2532970495,-1152,-276,16832,-6,17,1
FF-0F-FB-96,2533036031,-1172,-224,16734,-7,17,2
FF-0F-FC-96,2533101567,-1178,-194,16752,-7,17,2
FF-0F-FD-96,2533167103,-1184,-238,16730,-5,16,1
FF-0F-FE-96,2533232639,-1202,-182,16712,-5,16,1
FF-0F-FF-96,2533298175,-1234,-256,16744,-6,16,1
FF-0F-00-97,2533363711,-1206,-230,16768,-6,16,1
FF-0F-01-97,2533429247,-1216,-202,16710,-6,17,1
FF-0F-02-97,2533494783,-1198,-194,16788,-6,17,1
FF-0F-03-97,2533560319,-1198,-226,16832,-5,16,2
FF-0F-04-97,2533625855,-1192,-192,16744,-5,16,2
FF-0F-05-97,2533691391,-1234,-246,16750,-6,17,-1
FF-0F-06-97,2533756927,-1220,-214,16716,-6,17,-1
FF-0F-07-97,2533822463,-1188,-220,16662,-7,16,1
FF-0F-08-97,2533887999,-1188,-252,16760,-7,16,1
FF-0F-09-97,2533953535,-1174,-202,16734,-4,16,1
FF-0F-0A-97,2534019071,-1210,-226,16740,-4,16,1
FF-0F-0B-97,2534084607,-1216,-238,16738,-6,16,2
FF-0F-0C-97,2534150143,-1206,-206,16826,-6,16,2
FF-0F-0D-97,2534215679,-1198,-242,16740,-6,17,2
FF-0F-0E-97,2534281215,-1206,-242,16784,-6,17,2
FF-0F-0F-97,2534346751,-1198,-196,16734,-6,16,2
FF-0F-10-97,2534412287,-1184,-178,16712,-6,16,2
FF-0F-11-97,2534477823,-1220,-220,16786,-6,16,2
FF-0F-12-97,2534543359,-1172,-208,16770,-5,16,1
FF-0F-13-97,2534608895,-1222,-230,16692,-5,16,1
FF-0F-14-97,2534674431,-1202,-290,16750,-6,16,1
FF-0F-15-97,2534739967,-1180,-256,16764,-6,16,1
FF-0F-16-97,2534805503,-1216,-178,16690,-6,16,0
FF-0F-17-97,2534871039,-1210,-238,16774,-6,16,0
FF-0F-18-97,2534936575,-1200,-214,16738,-4,18,0
FF-0F-19-97,2535002111,-1222,-238,16708,-4,18,0
FF-0F-1A-97,2535067647,-1206,-270,16750,-6,15,2
FF-0F-1B-97,2535133183,-1250,-258,16970,-6,15,2
FF-0F-1C-97,2535198719,-1210,-200,16862,-5,17,2
FF-0F-1D-97,2535264255,-1064,-290,16662,-5,17,2
FF-0F-1E-97,2535329791,-1242,-194,16728,-6,14,2
FF-0F-1F-97,2535395327,-1202,-202,16712,-6,14,2
FF-0F-20-97,2535460863,-1210,-270,16696,-6,15,1
FF-0F-21-97,2535526399,-1190,-226,16730,-6,15,1
FF-0F-22-97,2535591935,-1190,-252,16724,-4,16,0
FF-0F-23-97,2535657471,-1212,-224,16804,-4,16,0
FF-0F-24-97,2535723007,-1188,-164,16804,-6,17,3
FF-0F-25-97,2535788543,-1220,-230,16732,-6,17,3
FF-0F-26-97,2535854079,-1212,-214,16784,-5,18,2
FF-0F-27-97,2535919615,-1172,-232,16812,-5,18,2
FF-0F-28-97,2535985151,-1222,-188,16664,-6,18,2
FF-0F-29-97,2536050687,-1198,-286,16762,-6,18,2
FF-0F-2A-97,2536116223,-1220,-182,16752,-6,18,2
FF-0F-2B-97,2536181759,-1206,-208,16658,-5,17,1
FF-0F-2C-97,2536247295,-1232,-194,16810,-5,17,1
FF-0F-2D-97,2536312831,-1184,-194,16746,-6,16,1
FF-0F-2E-97,2536378367,-1220,-262,16688,-6,16,1
FF-0F-2F-97,2536443903,-1234,-238,16758,-7,16,0
FF-0F-30-97,2536509439,-1152,-214,16710,-7,16,0
FF-0F-31-97,2536574975,-1232,-196,16688,-6,17,1
FF-0F-32-97,2536640511,-1222,-266,16724,-6,17,1
FF-0F-33-97,2536706047,-1190,-194,16704,-5,17,1
FF-0F-34-97,2536771583,-1232,-218,16746,-5,17,1
FF-0F-35-97,2536837119,-1216,-250,16806,-7,16,1
FF-0F-36-97,2536902655,-1202,-192,16718,-7,16,1
FF-0F-37-97,2536968191,-1232,-232,16676,-6,16,1
FF-0F-38-97,2537033727,-1188,-230,16736,-6,16,1
FF-0F-39-97,2537099263,-1172,-188,16742,-6,17,2
FF-0F-3A-97,2537164799,-1238,-196,16720,-6,17,2
FF-0F-3B-97,2537230335,-1148,-246,16796,-5,17,2
FF-0F-3C-97,2537295871,-1178,-200,16752,-5,17,2
FF-0F-3D-97,2537361407,-1222,-226,16720,-6,15,2
FF-0F-3E-97,2537426943,-1198,-208,16860,-6,15,2
FF-0F-3F-97,2537492479,-1168,-178,16676,-5,17,1
FF-0F-40-97,2537558015,-1212,-164,16664,-5,17,1
FF-0F-41-97,2537623551,-1198,-250,16788,-5,17,1
FF-0F-42-97,2537689087,-1174,-208,16682,-5,17,1
FF-0F-43-97,2537754623,-1212,-250,16670,-5,17,1
FF-0F-44-97,2537820159,-1242,-242,16822,-6,16,1
FF-0F-45-97,2537885695,-1172,-186,16732,-6,16,1
FF-0F-46-97,2537951231,-1200,-236,16720,-4,17,2
FF-0F-47-97,2538016767,-1210,-192,16764,-4,17,2
FF-0F-48-97,2538082303,-1172,-224,16740,-6,16,1
FF-0F-49-97,2538147839,-1198,-244,16746,-6,16,1
FF-0F-4A-97,2538213375,-1238,-246,16822,-6,16,2
FF-0F-4B-97,2538278911,-1194,-226,16756,-6,16,2
FF-0F-4C-97,2538344447,-1198,-230,16706,-5,16,1
FF-0F-4D-97,2538409983,-1210,-232,16728,-5,16,1
FF-0F-4E-97,2538475519,-1206,-186,16758,-5,18,1
FF-0F-4F-97,2538541055,-1202,-246,16774,-5,18,1
FF-0F-50-97,2538606591,-1166,-236,16766,-7,16,1
FF-0F-51-97,2538672127,-1220,-202,16692,-7,16,1
FF-0F-52-97,2538737663,-1198,-244,16770,-5,16,1
FF-0F-53-97,2538803199,-1176,-244,16774,-5,16,1
FF-0F-54-97,2538868735,-1180,-224,16724,-5,17,1
FF-0F-55-97,2538934271,-1190,-258,16716,-5,17,1
FF-0F-56-97,2538999807,-1210,-246,16802,-6,18,2
FF-0F-57-97,2539065343,-1178,-200,16698,-6,18,2
FF-0F-58-97,2539130879,-1188,-220,16756,-6,18,0
FF-0F-59-97,2539196415,-1180,-236,16784,-6,18,0
FF-0F-5A-97,2539261951,-1200,-256,16718,-6,18,0
FF-0F-5B-97,2539327487,-1188,-244,16768,-5,17,2
FF-0F-5C-97,2539393023,-1180,-202,16802,-5,17,2
FF-0F-5D-97,2539458559,-1198,-214,16678,-6,17,1
FF-0F-5E-97,2539524095,-1190,-218,16732,-6,17,1
FF-0F-5F-97,2539589631,-1180,-206,16812,-6,15,2
FF-0F-60-97,2539655167,-1216,-202,16736,-6,15,2
FF-0F-61-97,2539720703,-1200,-202,16764,-6,17,2
FF-0F-62-97,2539786239,-1212,-224,16792,-6,17,2
FF-0F-63-97,2539851775,-1188,-212,16714,-6,16,0
FF-0F-64-97,2539917311,-1210,-218,16758,-6,16,0
FF-0F-65-97,2539982847,-1124,-244,16798,-6,16,0
FF-0F-66-97,2540048383,-1180,-214,16698,-6,16,0
FF-0F-67-97,2540113919,-1222,-250,16776,-5,17,1
FF-0F-68-97,2540179455,-1206,-194,16758,-5,17,1
FF-0F-69-97,2540244991,-1206,-214,16740,-6,17,1
FF-0F-6A-97,2540310527,-1224,-256,16798,-6,17,1
FF-0F-6B-97,2540376063,-1194,-256,16792,-6,16,1
FF-0F-6C-97,2540441599,-1198,-244,16720,-6,16,1
FF-0F-6D-97,2540507135,-1238,-200,16748,-4,17,1
FF-0F-6E-97,2540572671,-1174,-250,16786,-4,17,1
FF-0F-6F-97,2540638207,-1198,-206,16702,-5,18,1
FF-0F-70-97,2540703743,-1242,-262,16750,-5,18,1
FF-0F-71-97,2540769279,-1188,-236,16788,-4,16,1
FF-0F-72-97,2540834815,-1206,-206,16688,-4,16,1
FF-0F-73-97,2540900351,-1234,-268,16710,-4,16,1
FF-0F-74-97,2540965887,-1212,-200,16770,-5,17,2
FF-0F-75-97,2541031423,-1254,-196,16706,-5,17,2
FF-0F-76-97,2541096959,-1216,-246,16758,-5,17,1
FF-0F-77-97,2541162495,-1172,-232,16772,-5,17,1
FF-0F-78-97,2541228031,-1222,-208,16678,-7,18,2
FF-0F-79-97,2541293567,-1178,-236,16760,-7,18,2
FF-0F-7A-97,2541359103,-1232,-220,16784,-5,17,2
FF-0F-7B-97,2541424639,-1222,-226,16722,-5,17,2
FF-0F-7C-97,2541490175,-1238,-220,16828,-5,17,1
FF-0F-7D-97,2541555711,-1168,-218,16734,-5,17,1
FF-0F-7E-97,2541621247,-1190,-202,16690,-6,18,1
FF-0F-7F-97,2541686783,-1206,-226,16846,-6,18,1
FF-0F-80-97,2541752319,-1178,-200,16746,-5,18,2
FF-0F-81-97,2541817855,-1234,-206,16740,-5,18,2
FF-0F-82-97,2541883391,-1190,-270,16836,-5,17,1
FF-0F-83-97,2541948927,-1212,-188,16762,-5,17,1
FF-0F-84-97,2542014463,-1210,-256,16694,-6,17,2
FF-0F-85-97,2542079999,-1210,-226,16798,-6,17,2
FF-0F-86-97,2542145535,-1190,-212,16650,-7,18,1
FF-0F-87-97,2542211071,-1202,-218,16698,-7,18,1
FF-0F-88-97,2542276607,-1200,-220,16790,-5,18,1
FF-0F-89-97,2542342143,-1206,-176,16704,-5,18,1
FF-0F-8A-97,2542407679,-1202,-236,16666,-6,17,0
FF-0F-8B-97,2542473215,-1200,-286,16822,-6,17,0
FF-0F-8C-97,2542538751,-1200,-256,16722,-6,17,0
FF-0F-8D-97,2542604287,-1194,-250,16690,-5,16,1
FF-0F-8E-97,2542669823,-1228,-220,16842,-5,16,1
FF-0F-8F-97,2542735359,-1206,-218,16746,-5,17,2
FF-0F-90-97,2542800895,-1194,-238,16734,-5,17,2
FF-0F-91-97,2542866431,-1174,-202,16832,-5,18,1
FF-0F-92-97,2542931967,-1210,-206,16710,-5,18,1
FF-0F-93-97,2542997503,-1180,-246,16686,-6,17,2
FF-0F-94-97,2543063039,-1260,-208,16784,-6,17,2
FF-0F-95-97,2543128575,-1198,-206,16744,-6,17,1
FF-0F-96-97,2543194111,-1188,-192,16736,-6,17,1
FF-0F-97-97,2543259647,-1168,-218,16762,-7,18,2
FF-0F-98-97,2543325183,-1178,-236,16742,-7,18,2
FF-0F-99-97,2543390719,-1206,-242,16768,-6,18,1
FF-0F-9A-97,2543456255,-1194,-242,16808,-6,18,1
FF-0F-9B-97,2543521791,-1198,-214,16698,-5,18,2
FF-0F-9C-97,2543587327,-1206,-206,16734,-5,18,2
FF-0F-9D-97,2543652863,-1222,-200,16792,-5,19,1
FF-0F-9E-97,2543718399,-1206,-236,16764,-5,19,1
FF-0F-9F-97,2543783935,-1220,-270,16782,-6,17,0
FF-0F-A0-97,2543849471,-1194,-226,16808,-6,17,0
FF-0F-A1-97,2543915007,-1206,-236,16712,-6,17,1
FF-0F-A2-97,2543980543,-1184,-226,16764,-6,17,1
FF-0F-A3-97,2544046079,-1158,-230,16828,-6,17,1
FF-0F-A4-97,2544111615,-1188,-208,16690,-4,17,1
FF-0F-A5-97,2544177151,-1224,-242,16712,-4,17,1
FF-0F-A6-97,2544242687,-1210,-226,16782,-7,17,1
FF-0F-A7-97,2544308223,-1224,-226,16738,-7,17,1
FF-0F-A8-97,2544373759,-1256,-226,16784,-5,17,0
FF-0F-A9-97,2544439295,-1190,-170,16772,-5,17,0
FF-0F-AA-97,2544504831,-1188,-232,16740,-6,15,1
FF-0F-AB-97,2544570367,-1242,-226,16724,-6,15,1
FF-0F-AC-97,2544635903,-1184,-230,16798,-5,16,1
FF-0F-AD-97,2544701439,-1206,-192,16710,-5,16,1
FF-0F-AE-97,2544766975,-1206,-226,16768,-7,16,1
FF-0F-AF-97,2544832511,-1238,-186,16802,-7,16,1
FF-0F-B0-97,2544898047,-1174,-186,16696,-5,17,1
FF-0F-B1-97,2544963583,-1140,-202,16764,-5,17,1
FF-0F-B2-97,2545029119,-1198,-200,16790,-7,17,2
FF-0F-B3-97,2545094655,-1212,-232,16718,-7,17,2
FF-0F-B4-97,2545160191,-1228,-250,16746,-6,16,0
FF-0F-B5-97,2545225727,-1190,-218,16808,-6,16,0
FF-0F-B6-97,2545291263,-1202,-178,16732,-6,17,1
FF-0F-B7-97,2545356799,-1238,-242,16786,-6,17,1
FF-0F-B8-97,2545422335,-1162,-192,16792,-6,17,2
FF-0F-B9-97,2545487871,-1184,-220,16752,-6,17,2
FF-0F-BA-97,2545553407,-1202,-232,16760,-6,16,0
FF-0F-BB-97,2545618943,-1216,-230,16710,-6,16,0
FF-0F-BC-97,2545684479,-1202,-226,16704,-6,16,0
FF-0F-BD-97,2545750015,-1220,-220,16786,-6,17,1
FF-0F-BE-97,2545815551,-1172,-230,16742,-6,17,1
FF-0F-BF-97,2545881087,-1148,-232,16722,-5,16,2
FF-0F-C0-97,2545946623,-1206,-266,16754,-5,16,2
FF-0F-C1-97,2546012159,-1174,-214,16756,-6,16,0
FF-0F-C2-97,2546077695,-1210,-250,16660,-6,16,0
FF-0F-C3-97,2546143231,-1178,-226,16830,-6,17,2
FF-0F-C4-97,2546208767,-1228,-212,16774,-6,17,2
FF-0F-C5-97,2546274303,-1210,-230,16724,-5,18,1
FF-0F-C6-97,2546339839,-1194,-218,16784,-5,18,1
FF-0F-C7-97,2546405375,-1172,-206,16734,-6,16,2
FF-0F-C8-97,2546470911,-1220,-218,16728,-6,16,2
FF-0F-C9-97,2546536447,-1166,-220,16810,-4,18,2
FF-0F-CA-97,2546601983,-1224,-196,16724,-4,18,2
FF-0F-CB-97,2546667519,-1188,-242,16724,-6,15,2
FF-0F-CC-97,2546733055,-1190,-220,16858,-6,15,2
FF-0F-CD-97,2546798591,-1184,-188,16694,-5,17,1
FF-0F-CE-97,2546864127,-1222,-236,16694,-5,17,1
FF-0F-CF-97,2546929663,-1198,-218,16788,-7,16,1
FF-0F-D0-97,2546995199,-1168,-232,16792,-7,16,1
FF-0F-D1-97,2547060735,-1242,-176,16734,-4,17,1
FF-0F-D2-97,2547126271,-1184,-250,16710,-4,17,1
FF-0F-D3-97,2547191807,-1242,-208,16688,-6,18,0
FF-0F-D4-97,2547257343,-1210,-250,16748,-6,18,0
FF-0F-D5-97,2547322879,-1198,-218,16780,-6,18,0
FF-0F-D6-97,2547388415,-1178,-194,16740,-6,18,1
FF-0F-D7-97,2547453951,-1188,-232,16680,-6,18,1
FF-0F-D8-97,2547519487,-1194,-224,16776,-6,16,1
FF-0F-D9-97,2547585023,-1168,-230,16784,-6,16,1
FF-0F-DA-97,2547650559,-1234,-214,16728,-4,16,1
FF-0F-DB-97,2547716095,-1194,-226,16786,-4,16,1
FF-0F-DC-97,2547781631,-1152,-178,16768,-6,15,1
FF-0F-DD-97,2547847167,-1178,-194,16760,-6,15,1
FF-0F-DE-97,2547912703,-1210,-220,16780,-6,16,1
FF-0F-DF-97,2547978239,-1184,-214,16744,-6,16,1
FF-0F-E0-97,2548043775,-1234,-230,16704,-5,17,2
FF-0F-E1-97,2548109311,-1238,-250,16784,-5,17,2
FF-0F-E2-97,2548174847,-1190,-236,16742,-5,17,1
FF-0F-E3-97,2548240383,-1222,-246,16634,-5,17,1
FF-0F-E4-97,2548305919,-1232,-218,16784,-7,18,0
FF-0F-E5-97,2548371455,-1202,-150,16758,-7,18,0
FF-0F-E6-97,2548436991,-1224,-266,16756,-5,16,0
FF-0F-E7-97,2548502527,-1130,-202,16754,-5,16,0
FF-0F-E8-97,2548568063,-1206,-244,16712,-5,17,1
FF-0F-E9-97,2548633599,-1244,-256,16808,-5,17,1
FF-0F-EA-97,2548699135,-1152,-256,16804,-5,16,0
FF-0F-EB-97,2548764671,-1206,-212,16668,-5,16,0
FF-0F-EC-97,2548830207,-1212,-236,16726,-6,16,1
FF-0F-ED-97,2548895743,-1198,-214,16732,-6,16,1
FF-0F-EE-97,2548961279,-1150,-168,16720,-6,16,1
FF-0F-EF-97,2549026815,-1198,-238,16722,-6,16,2
FF-0F-F0-97,2549092351,-1152,-218,16764,-6,16,2
FF-0F-F1-97,2549157887,-1194,-218,16704,-6,17,1
FF-0F-F2-97,2549223423,-1206,-208,16758,-6,17,1
FF-0F-F3-97,2549288959,-1194,-232,16740,-5,17,0
FF-0F-F4-97,2549354495,-1260,-188,16700,-5,17,0
FF-0F-F5-97,2549420031,-1124,-320,16780,-6,17,1
FF-0F-F6-97,2549485567,-1242,-148,16752,-6,17,1
FF-0F-F7-97,2549551103,-1144,-156,16746,-5,16,2
FF-0F-F8-97,2549616639,-1198,-232,16772,-5,16,2
FF-0F-F9-97,2549682175,-1162,-224,16774,-7,18,0
FF-0F-FA-97,2549747711,-1222,-250,16734,-7,18,0
FF-0F-FB-97,2549813247,-1172,-192,16786,-4,18,2
FF-0F-FC-97,2549878783,-1184,-208,16782,-4,18,2
FF-0F-FD-97,2549944319,-1180,-144,16750,-6,17,2
FF-0F-FE-97,2550009855,-1220,-188,16742,-6,17,2
FF-0F-FF-97,2550075391,-1224,-206,16716,-6,17,1
FF-0F-00-98,2550140927,-1184,-280,16696,-6,17,1
FF-0F-01-98,2550206463,-1178,-274,16766,-7,16,1
FF-0F-02-98,2550271999,-1216,-236,16756,-7,16,1
FF-0F-03-98,2550337535,-1234,-192,16710,-5,16,0
FF-0F-04-98,2550403071,-1222,-192,16766,-5,16,0
FF-0F-05-98,2550468607,-1200,-218,16780,-6,18,0
FF-0F-06-98,2550534143,-1184,-262,16762,-6,18,0
FF-0F-07-98,2550599679,-1184,-314,16720,-6,18,0
FF-0F-08-98,2550665215,-1220,-232,16698,-8,18,1
FF-0F-09-98,2550730751,-1206,-176,16700,-8,18,1
FF-0F-0A-98,2550796287,-1228,-170,16770,-3,17,2
FF-0F-0B-98,2550861823,-1212,-172,16738,-3,17,2
FF-0F-0C-98,2550927359,-1188,-230,16740,-7,17,2
FF-0F-0D-98,2550992895,-1180,-266,16844,-7,17,2
FF-0F-0E-98,2551058431,-1178,-226,16802,-7,18,2
FF-0F-0F-98,2551123967,-1232,-218,16674,-7,18,2
FF-0F-10-98,2551189503,-1244,-202,16822,-5,17,1
FF-0F-11-98,2551255039,-1254,-144,16796,-5,17,1
FF-0F-12-98,2551320575,-1148,-192,16706,-6,16,2
FF-0F-13-98,2551386111,-1188,-226,16770,-6,16,2
FF-0F-14-98,2551451647,-1168,-250,16756,-7,15,2
FF-0F-15-98,2551517183,-1244,-268,16688,-7,15,2
FF-0F-16-98,2551582719,-1220,-226,16812,-5,17,2
FF-0F-17-98,2551648255,-1184,-182,16742,-5,17,2
FF-0F-18-98,2551713791,-1216,-178,16688,-5,17,1
FF-0F-19-98,2551779327,-1180,-246,16784,-5,17,1
FF-0F-1A-98,2551844863,-1210,-196,16788,-6,15,1
FF-0F-1B-98,2551910399,-1228,-236,16730,-6,15,1
FF-0F-1C-98,2551975935,-1216,-220,16770,-6,16,1
FF-0F-1D-98,2552041471,-1172,-242,16726,-6,16,1
FF-0F-1E-98,2552107007,-1202,-214,16764,-6,16,1
FF-0F-1F-98,2552172543,-1200,-208,16772,-5,16,1
FF-0F-20-98,2552238079,-1184,-236,16706,-5,16,1
FF-0F-21-98,2552303615,-1210,-224,16724,-7,17,0
FF-0F-22-98,2552369151,-1202,-262,16760,-7,17,0
FF-0F-23-98,2552434687,-1178,-208,16788,-5,16,0
FF-0F-24-98,2552500223,-1190,-268,16774,-5,16,0
FF-0F-25-98,2552565759,-1162,-186,16800,-6,16,1
FF-0F-26-98,2552631295,-1188,-176,16786,-6,16,1
FF-0F-27-98,2552696831,-1190,-236,16758,-5,16,0
FF-0F-28-98,2552762367,-1194,-246,16832,-5,16,0
FF-0F-29-98,2552827903,-1194,-212,16740,-8,17,2
FF-0F-2A-98,2552893439,-1180,-176,16772,-8,17,2
FF-0F-2B-98,2552958975,-1166,-242,16824,-4,18,2
FF-0F-2C-98,2553024511,-1244,-202,16728,-4,18,2
FF-0F-2D-98,2553090047,-1228,-238,16692,-6,17,2
FF-0F-2E-98,2553155583,-1206,-230,16788,-6,17,2
FF-0F-2F-98,2553221119,-1202,-224,16756,-5,17,1
FF-0F-30-98,2553286655,-1172,-256,16718,-5,17,1
FF-0F-31-98,2553352191,-1234,-200,16826,-7,18,1
FF-0F-32-98,2553417727,-1206,-188,16752,-7,18,1
FF-0F-33-98,2553483263,-1178,-242,16718,-4,17,1
FF-0F-34-98,2553548799,-1206,-224,16752,-4,17,1
FF-0F-35-98,2553614335,-1198,-202,16694,-7,18,2
FF-0F-36-98,2553679871,-1222,-242,16740,-7,18,2
FF-0F-37-98,2553745407,-1206,-212,16818,-7,18,2
FF-0F-38-98,2553810943,-1234,-226,16694,-6,15,0
FF-0F-39-98,2553876479,-1202,-246,16738,-6,15,0
FF-0F-3A-98,2553942015,-1210,-148,16844,-6,17,1
FF-0F-3B-98,2554007551,-1152,-246,16728,-6,17,1
FF-0F-3C-98,2554073087,-1180,-226,16680,-7,16,1
FF-0F-3D-98,2554138623,-1216,-244,16810,-7,16,1
FF-0F-3E-98,2554204159,-1234,-206,16684,-5,16,1
FF-0F-3F-98,2554269695,-1188,-178,16768,-5,16,1
FF-0F-40-98,2554335231,-1172,-266,16800,-6,17,1
FF-0F-41-98,2554400767,-1180,-206,16714,-6,17,1
FF-0F-42-98,2554466303,-1206,-218,16790,-6,16,1
FF-0F-43-98,2554531839,-1174,-230,16784,-6,16,1
FF-0F-44-98,2554597375,-1162,-236,16722,-8,17,1
FF-0F-45-98,2554662911,-1256,-238,16774,-8,17,1
FF-0F-46-98,2554728447,-1206,-186,16820,-5,17,1
FF-0F-47-98,2554793983,-1244,-196,16684,-5,17,1
FF-0F-48-98,2554859519,-1220,-238,16702,-6,17,1
FF-0F-49-98,2554925055,-1180,-172,16796,-6,17,1
FF-0F-4A-98,2554990591,-1178,-178,16710,-6,16,2
FF-0F-4B-98,2555056127,-1222,-244,16778,-6,16,2
FF-0F-4C-98,2555121663,-1172,-236,16800,-6,16,2
FF-0F-4D-98,2555187199,-1190,-200,16682,-6,16,2
FF-0F-4E-98,2555252735,-1188,-218,16724,-5,16,0
FF-0F-4F-98,2555318271,-1184,-172,16802,-5,16,0
FF-0F-50-98,2555383807,-1174,-236,16688,-5,16,0
